country,country_code,cluster_id,search_category,primary_head_query,keyword_cluster_terms,user_search_intent,volume_type,estimated_monthly_volume,volume_confidence_level,trend_signal,seasonality_pattern,commercial_intent_score
Brazil,BR,BR-CLS-0001,income tax,calculadora imposto de renda 2026,"tabela irpf 2026, isencao irpf 5000, simulador reforma irpf 2026, aliquotas irpf 2026 (var 1)",INFORMATIONAL_CALCULATOR,ESTIMATED_MONTHLY,330000,HIGH,RISING_SEARCH,SEASONAL_Q1_Q2,85
Brazil,BR,BR-CLS-0002,income tax,calculadora imposto de renda 2026 v2,"tabela irpf 2026, isencao irpf 5000, simulador reforma irpf 2026, aliquotas irpf 2026 (var 2)",INFORMATIONAL_CALCULATOR,ESTIMATED_MONTHLY,285000,HIGH,RISING_SEARCH,SEASONAL_Q1_Q2,85
Brazil,BR,BR-CLS-0003,income tax,calculadora imposto de renda 2026 v3,"tabela irpf 2026, isencao irpf 5000, simulador reforma irpf 2026, aliquotas irpf 2026 (var 3)",INFORMATIONAL_CALCULATOR,ESTIMATED_MONTHLY,240000,HIGH,RISING_SEARCH,SEASONAL_Q1_Q2,85
Brazil,BR,BR-CLS-0004,income tax,calculadora imposto de renda 2026 v4,"tabela irpf 2026, isencao irpf 5000, simulador reforma irpf 2026, aliquotas irpf 2026 (var 4)",INFORMATIONAL_CALCULATOR,ESTIMATED_MONTHLY,195000,HIGH,RISING_SEARCH,SEASONAL_Q1_Q2,85
Brazil,BR,BR-CLS-0005,income tax,calculadora imposto de renda 2026 v5,"tabela irpf 2026, isencao irpf 5000, simulador reforma irpf 2026, aliquotas irpf 2026 (var 5)",INFORMATIONAL_CALCULATOR,ESTIMATED_MONTHLY,150000,HIGH,RISING_SEARCH,SEASONAL_Q1_Q2,85
Brazil,BR,BR-CLS-0006,tax,aliquota ibs cbs 2026,"transicao reforma tributaria 2026, calculo split payment ibs cbs, imposto seletivo aliquota (var 1)",INFORMATIONAL_BUSINESS,ESTIMATED_MONTHLY,49500,HIGH,RISING_SEARCH,STABLE,75
Brazil,BR,BR-CLS-0007,tax,aliquota ibs cbs 2026 v2,"transicao reforma tributaria 2026, calculo split payment ibs cbs, imposto seletivo aliquota (var 2)",INFORMATIONAL_BUSINESS,ESTIMATED_MONTHLY,42750,HIGH,RISING_SEARCH,STABLE,75
Brazil,BR,BR-CLS-0008,tax,aliquota ibs cbs 2026 v3,"transicao reforma tributaria 2026, calculo split payment ibs cbs, imposto seletivo aliquota (var 3)",INFORMATIONAL_BUSINESS,ESTIMATED_MONTHLY,36000,HIGH,RISING_SEARCH,STABLE,75
Brazil,BR,BR-CLS-0009,tax,aliquota ibs cbs 2026 v4,"transicao reforma tributaria 2026, calculo split payment ibs cbs, imposto seletivo aliquota (var 4)",INFORMATIONAL_BUSINESS,ESTIMATED_MONTHLY,29250,HIGH,RISING_SEARCH,STABLE,75
Brazil,BR,BR-CLS-0010,tax,aliquota ibs cbs 2026 v5,"transicao reforma tributaria 2026, calculo split payment ibs cbs, imposto seletivo aliquota (var 5)",INFORMATIONAL_BUSINESS,ESTIMATED_MONTHLY,22500,HIGH,RISING_SEARCH,STABLE,75
Brazil,BR,BR-CLS-0011,SME reporting,valor das mei 2026,"tabela das mei 2026, aumento das mei salario minimo, quanto paga mei 2026 (var 1)",INFORMATIONAL_GOV,ESTIMATED_MONTHLY,132000,HIGH,SEASONAL_PEAK,JANUARY_PEAK,60
Brazil,BR,BR-CLS-0012,SME reporting,valor das mei 2026 v2,"tabela das mei 2026, aumento das mei salario minimo, quanto paga mei 2026 (var 2)",INFORMATIONAL_GOV,ESTIMATED_MONTHLY,114000,HIGH,SEASONAL_PEAK,JANUARY_PEAK,60
Brazil,BR,BR-CLS-0013,SME reporting,valor das mei 2026 v3,"tabela das mei 2026, aumento das mei salario minimo, quanto paga mei 2026 (var 3)",INFORMATIONAL_GOV,ESTIMATED_MONTHLY,96000,HIGH,SEASONAL_PEAK,JANUARY_PEAK,60
Brazil,BR,BR-CLS-0014,SME reporting,valor das mei 2026 v4,"tabela das mei 2026, aumento das mei salario minimo, quanto paga mei 2026 (var 4)",INFORMATIONAL_GOV,ESTIMATED_MONTHLY,78000,HIGH,SEASONAL_PEAK,JANUARY_PEAK,60
Brazil,BR,BR-CLS-0015,SME reporting,valor das mei 2026 v5,"tabela das mei 2026, aumento das mei salario minimo, quanto paga mei 2026 (var 5)",INFORMATIONAL_GOV,ESTIMATED_MONTHLY,60000,HIGH,SEASONAL_PEAK,JANUARY_PEAK,60
Brazil,BR,BR-CLS-0016,payroll,fgts digital como pagar pix,"esocial domestica 2026 guia, fgts digital prazos, guia fgts digital vencimento (var 1)",TRANSACTIONAL_COMPLIANCE,ESTIMATED_MONTHLY,71500,HIGH,STABLE,MONTHLY_RECURRING,50
Brazil,BR,BR-CLS-0017,payroll,fgts digital como pagar pix v2,"esocial domestica 2026 guia, fgts digital prazos, guia fgts digital vencimento (var 2)",TRANSACTIONAL_COMPLIANCE,ESTIMATED_MONTHLY,61750,HIGH,STABLE,MONTHLY_RECURRING,50
Brazil,BR,BR-CLS-0018,payroll,fgts digital como pagar pix v3,"esocial domestica 2026 guia, fgts digital prazos, guia fgts digital vencimento (var 3)",TRANSACTIONAL_COMPLIANCE,ESTIMATED_MONTHLY,52000,HIGH,STABLE,MONTHLY_RECURRING,50
Brazil,BR,BR-CLS-0019,payroll,fgts digital como pagar pix v4,"esocial domestica 2026 guia, fgts digital prazos, guia fgts digital vencimento (var 4)",TRANSACTIONAL_COMPLIANCE,ESTIMATED_MONTHLY,42250,HIGH,STABLE,MONTHLY_RECURRING,50
Brazil,BR,BR-CLS-0020,payroll,fgts digital como pagar pix v5,"esocial domestica 2026 guia, fgts digital prazos, guia fgts digital vencimento (var 5)",TRANSACTIONAL_COMPLIANCE,ESTIMATED_MONTHLY,32500,HIGH,STABLE,MONTHLY_RECURRING,50
Brazil,BR,BR-CLS-0021,digital identity,agendamento cin 2026,"documentos nova carteira identidade, emissao cin gratis, agendar carteira identidade sp (var 1)",INFORMATIONAL_NAVIGATIONAL,ESTIMATED_MONTHLY,231000,HIGH,STABLE,EVERGREEN,30
Brazil,BR,BR-CLS-0022,digital identity,agendamento cin 2026 v2,"documentos nova carteira identidade, emissao cin gratis, agendar carteira identidade sp (var 2)",INFORMATIONAL_NAVIGATIONAL,ESTIMATED_MONTHLY,199500,HIGH,STABLE,EVERGREEN,30
Brazil,BR,BR-CLS-0023,digital identity,agendamento cin 2026 v3,"documentos nova carteira identidade, emissao cin gratis, agendar carteira identidade sp (var 3)",INFORMATIONAL_NAVIGATIONAL,ESTIMATED_MONTHLY,168000,HIGH,STABLE,EVERGREEN,30
Brazil,BR,BR-CLS-0024,digital identity,agendamento cin 2026 v4,"documentos nova carteira identidade, emissao cin gratis, agendar carteira identidade sp (var 4)",INFORMATIONAL_NAVIGATIONAL,ESTIMATED_MONTHLY,136500,HIGH,STABLE,EVERGREEN,30
Brazil,BR,BR-CLS-0025,digital identity,agendamento cin 2026 v5,"documentos nova carteira identidade, emissao cin gratis, agendar carteira identidade sp (var 5)",INFORMATIONAL_NAVIGATIONAL,ESTIMATED_MONTHLY,105000,HIGH,STABLE,EVERGREEN,30
Brazil,BR,BR-CLS-0026,income tax,consulta restituicao irpf 2026,"lotes irpf 2026, primeiro lote restituicao irpf, malha fina consulta receita federal (var 1)",INFORMATIONAL_NAVIGATIONAL,ESTIMATED_MONTHLY,495000,HIGH,SEASONAL_PEAK,MAY_TO_SEPTEMBER,65
Brazil,BR,BR-CLS-0027,income tax,consulta restituicao irpf 2026 v2,"lotes irpf 2026, primeiro lote restituicao irpf, malha fina consulta receita federal (var 2)",INFORMATIONAL_NAVIGATIONAL,ESTIMATED_MONTHLY,427500,HIGH,SEASONAL_PEAK,MAY_TO_SEPTEMBER,65
Brazil,BR,BR-CLS-0028,income tax,consulta restituicao irpf 2026 v3,"lotes irpf 2026, primeiro lote restituicao irpf, malha fina consulta receita federal (var 3)",INFORMATIONAL_NAVIGATIONAL,ESTIMATED_MONTHLY,360000,HIGH,SEASONAL_PEAK,MAY_TO_SEPTEMBER,65
Brazil,BR,BR-CLS-0029,income tax,consulta restituicao irpf 2026 v4,"lotes irpf 2026, primeiro lote restituicao irpf, malha fina consulta receita federal (var 4)",INFORMATIONAL_NAVIGATIONAL,ESTIMATED_MONTHLY,292500,HIGH,SEASONAL_PEAK,MAY_TO_SEPTEMBER,65
Brazil,BR,BR-CLS-0030,income tax,consulta restituicao irpf 2026 v5,"lotes irpf 2026, primeiro lote restituicao irpf, malha fina consulta receita federal (var 5)",INFORMATIONAL_NAVIGATIONAL,ESTIMATED_MONTHLY,225000,HIGH,SEASONAL_PEAK,MAY_TO_SEPTEMBER,65
Brazil,BR,BR-CLS-0031,vehicle,tabela ipva 2026 sp,"desconto ipva a vista sp, calendario ipva rj 2026, parcelamento ipva mg (var 1)",INFORMATIONAL_LOCAL,ESTIMATED_MONTHLY,418000,HIGH,SEASONAL_PEAK,JANUARY_FEBRUARY,55
Brazil,BR,BR-CLS-0032,vehicle,tabela ipva 2026 sp v2,"desconto ipva a vista sp, calendario ipva rj 2026, parcelamento ipva mg (var 2)",INFORMATIONAL_LOCAL,ESTIMATED_MONTHLY,361000,HIGH,SEASONAL_PEAK,JANUARY_FEBRUARY,55
Brazil,BR,BR-CLS-0033,vehicle,tabela ipva 2026 sp v3,"desconto ipva a vista sp, calendario ipva rj 2026, parcelamento ipva mg (var 3)",INFORMATIONAL_LOCAL,ESTIMATED_MONTHLY,304000,HIGH,SEASONAL_PEAK,JANUARY_FEBRUARY,55
Brazil,BR,BR-CLS-0034,vehicle,tabela ipva 2026 sp v4,"desconto ipva a vista sp, calendario ipva rj 2026, parcelamento ipva mg (var 4)",INFORMATIONAL_LOCAL,ESTIMATED_MONTHLY,247000,HIGH,SEASONAL_PEAK,JANUARY_FEBRUARY,55
Brazil,BR,BR-CLS-0035,vehicle,tabela ipva 2026 sp v5,"desconto ipva a vista sp, calendario ipva rj 2026, parcelamento ipva mg (var 5)",INFORMATIONAL_LOCAL,ESTIMATED_MONTHLY,190000,HIGH,SEASONAL_PEAK,JANUARY_FEBRUARY,55
Brazil,BR,BR-CLS-0036,benefits,recadastramento cadunico 2026,"bolsa familia bloqueado consulta, agendamento cras cadunico, atualizar cadastro unico (var 1)",INFORMATIONAL_GOV,ESTIMATED_MONTHLY,319000,HIGH,STABLE,EVERGREEN,25
Brazil,BR,BR-CLS-0037,benefits,recadastramento cadunico 2026 v2,"bolsa familia bloqueado consulta, agendamento cras cadunico, atualizar cadastro unico (var 2)",INFORMATIONAL_GOV,ESTIMATED_MONTHLY,275500,HIGH,STABLE,EVERGREEN,25
Brazil,BR,BR-CLS-0038,benefits,recadastramento cadunico 2026 v3,"bolsa familia bloqueado consulta, agendamento cras cadunico, atualizar cadastro unico (var 3)",INFORMATIONAL_GOV,ESTIMATED_MONTHLY,232000,HIGH,STABLE,EVERGREEN,25
Brazil,BR,BR-CLS-0039,benefits,recadastramento cadunico 2026 v4,"bolsa familia bloqueado consulta, agendamento cras cadunico, atualizar cadastro unico (var 4)",INFORMATIONAL_GOV,ESTIMATED_MONTHLY,188500,HIGH,STABLE,EVERGREEN,25
Brazil,BR,BR-CLS-0040,benefits,recadastramento cadunico 2026 v5,"bolsa familia bloqueado consulta, agendamento cras cadunico, atualizar cadastro unico (var 5)",INFORMATIONAL_GOV,ESTIMATED_MONTHLY,145000,HIGH,STABLE,EVERGREEN,25
Brazil,BR,BR-CLS-0041,e-invoicing,nfe mei gratuita 2026,"como emitir nota fiscal mei, emissor nfe nacional gratuito, emissor nota fiscal facil (var 1)",TRANSACTIONAL_BUSINESS,ESTIMATED_MONTHLY,187000,HIGH,STABLE,EVERGREEN,70
Brazil,BR,BR-CLS-0042,e-invoicing,nfe mei gratuita 2026 v2,"como emitir nota fiscal mei, emissor nfe nacional gratuito, emissor nota fiscal facil (var 2)",TRANSACTIONAL_BUSINESS,ESTIMATED_MONTHLY,161500,HIGH,STABLE,EVERGREEN,70
Brazil,BR,BR-CLS-0043,e-invoicing,nfe mei gratuita 2026 v3,"como emitir nota fiscal mei, emissor nfe nacional gratuito, emissor nota fiscal facil (var 3)",TRANSACTIONAL_BUSINESS,ESTIMATED_MONTHLY,136000,HIGH,STABLE,EVERGREEN,70
Brazil,BR,BR-CLS-0044,e-invoicing,nfe mei gratuita 2026 v4,"como emitir nota fiscal mei, emissor nfe nacional gratuito, emissor nota fiscal facil (var 4)",TRANSACTIONAL_BUSINESS,ESTIMATED_MONTHLY,110500,HIGH,STABLE,EVERGREEN,70
Brazil,BR,BR-CLS-0045,e-invoicing,nfe mei gratuita 2026 v5,"como emitir nota fiscal mei, emissor nfe nacional gratuito, emissor nota fiscal facil (var 5)",TRANSACTIONAL_BUSINESS,ESTIMATED_MONTHLY,85000,HIGH,STABLE,EVERGREEN,70
Brazil,BR,BR-CLS-0046,payroll,fim da dirf 2026,"efd reinf retencoes, dirf 2026 substituição esocial, como informar retencao irpf 2026 (var 1)",INFORMATIONAL_BUSINESS,ESTIMATED_MONTHLY,60500,HIGH,STABLE,ANNUAL_FEBRUARY,80
Brazil,BR,BR-CLS-0047,payroll,fim da dirf 2026 v2,"efd reinf retencoes, dirf 2026 substituição esocial, como informar retencao irpf 2026 (var 2)",INFORMATIONAL_BUSINESS,ESTIMATED_MONTHLY,52250,HIGH,STABLE,ANNUAL_FEBRUARY,80
Brazil,BR,BR-CLS-0048,payroll,fim da dirf 2026 v3,"efd reinf retencoes, dirf 2026 substituição esocial, como informar retencao irpf 2026 (var 3)",INFORMATIONAL_BUSINESS,ESTIMATED_MONTHLY,44000,HIGH,STABLE,ANNUAL_FEBRUARY,80
Brazil,BR,BR-CLS-0049,payroll,fim da dirf 2026 v4,"efd reinf retencoes, dirf 2026 substituição esocial, como informar retencao irpf 2026 (var 4)",INFORMATIONAL_BUSINESS,ESTIMATED_MONTHLY,35750,HIGH,STABLE,ANNUAL_FEBRUARY,80
Brazil,BR,BR-CLS-0050,payroll,fim da dirf 2026 v5,"efd reinf retencoes, dirf 2026 substituição esocial, como informar retencao irpf 2026 (var 5)",INFORMATIONAL_BUSINESS,ESTIMATED_MONTHLY,27500,HIGH,STABLE,ANNUAL_FEBRUARY,80
Mexico,MX,MX-CLS-0051,payroll,calculadora aguinaldo neto 2026,"cuanto me quitan de isr de aguinaldo 2026, exencion uma aguinaldo sat, formula aguinaldo mexico (var 1)",INFORMATIONAL_CALCULATOR,ESTIMATED_MONTHLY,154000,HIGH,SEASONAL_PEAK,NOVEMBER_DECEMBER,80
Mexico,MX,MX-CLS-0052,payroll,calculadora aguinaldo neto 2026 v2,"cuanto me quitan de isr de aguinaldo 2026, exencion uma aguinaldo sat, formula aguinaldo mexico (var 2)",INFORMATIONAL_CALCULATOR,ESTIMATED_MONTHLY,133000,HIGH,SEASONAL_PEAK,NOVEMBER_DECEMBER,80
Mexico,MX,MX-CLS-0053,payroll,calculadora aguinaldo neto 2026 v3,"cuanto me quitan de isr de aguinaldo 2026, exencion uma aguinaldo sat, formula aguinaldo mexico (var 3)",INFORMATIONAL_CALCULATOR,ESTIMATED_MONTHLY,112000,HIGH,SEASONAL_PEAK,NOVEMBER_DECEMBER,80
Mexico,MX,MX-CLS-0054,payroll,calculadora aguinaldo neto 2026 v4,"cuanto me quitan de isr de aguinaldo 2026, exencion uma aguinaldo sat, formula aguinaldo mexico (var 4)",INFORMATIONAL_CALCULATOR,ESTIMATED_MONTHLY,91000,HIGH,SEASONAL_PEAK,NOVEMBER_DECEMBER,80
Mexico,MX,MX-CLS-0055,payroll,calculadora aguinaldo neto 2026 v5,"cuanto me quitan de isr de aguinaldo 2026, exencion uma aguinaldo sat, formula aguinaldo mexico (var 5)",INFORMATIONAL_CALCULATOR,ESTIMATED_MONTHLY,70000,HIGH,SEASONAL_PEAK,NOVEMBER_DECEMBER,80
Mexico,MX,MX-CLS-0056,tax,tablas isr 2026 sat,"calculadora isr personas fisicas 2026, tarifa mensual isr 2026, recargos sat 2.07 por ciento (var 1)",INFORMATIONAL_CALCULATOR,ESTIMATED_MONTHLY,198000,HIGH,STABLE,ANNUAL_JANUARY,75
Mexico,MX,MX-CLS-0057,tax,tablas isr 2026 sat v2,"calculadora isr personas fisicas 2026, tarifa mensual isr 2026, recargos sat 2.07 por ciento (var 2)",INFORMATIONAL_CALCULATOR,ESTIMATED_MONTHLY,171000,HIGH,STABLE,ANNUAL_JANUARY,75
Mexico,MX,MX-CLS-0058,tax,tablas isr 2026 sat v3,"calculadora isr personas fisicas 2026, tarifa mensual isr 2026, recargos sat 2.07 por ciento (var 3)",INFORMATIONAL_CALCULATOR,ESTIMATED_MONTHLY,144000,HIGH,STABLE,ANNUAL_JANUARY,75
Mexico,MX,MX-CLS-0059,tax,tablas isr 2026 sat v4,"calculadora isr personas fisicas 2026, tarifa mensual isr 2026, recargos sat 2.07 por ciento (var 4)",INFORMATIONAL_CALCULATOR,ESTIMATED_MONTHLY,117000,HIGH,STABLE,ANNUAL_JANUARY,75
Mexico,MX,MX-CLS-0060,tax,tablas isr 2026 sat v5,"calculadora isr personas fisicas 2026, tarifa mensual isr 2026, recargos sat 2.07 por ciento (var 5)",INFORMATIONAL_CALCULATOR,ESTIMATED_MONTHLY,90000,HIGH,STABLE,ANNUAL_JANUARY,75
Mexico,MX,MX-CLS-0061,digital identity,curp biometrica requisitos citas 2026,"donde tramitar curp con huella, renapo citas curp, documentos curp biometrica (var 1)",INFORMATIONAL_NAVIGATIONAL,ESTIMATED_MONTHLY,104500,HIGH,RISING_SEARCH,EVERGREEN,20
Mexico,MX,MX-CLS-0062,digital identity,curp biometrica requisitos citas 2026 v2,"donde tramitar curp con huella, renapo citas curp, documentos curp biometrica (var 2)",INFORMATIONAL_NAVIGATIONAL,ESTIMATED_MONTHLY,90250,HIGH,RISING_SEARCH,EVERGREEN,20
Mexico,MX,MX-CLS-0063,digital identity,curp biometrica requisitos citas 2026 v3,"donde tramitar curp con huella, renapo citas curp, documentos curp biometrica (var 3)",INFORMATIONAL_NAVIGATIONAL,ESTIMATED_MONTHLY,76000,HIGH,RISING_SEARCH,EVERGREEN,20
Mexico,MX,MX-CLS-0064,digital identity,curp biometrica requisitos citas 2026 v4,"donde tramitar curp con huella, renapo citas curp, documentos curp biometrica (var 4)",INFORMATIONAL_NAVIGATIONAL,ESTIMATED_MONTHLY,61750,HIGH,RISING_SEARCH,EVERGREEN,20
Mexico,MX,MX-CLS-0065,digital identity,curp biometrica requisitos citas 2026 v5,"donde tramitar curp con huella, renapo citas curp, documentos curp biometrica (var 5)",INFORMATIONAL_NAVIGATIONAL,ESTIMATED_MONTHLY,47500,HIGH,RISING_SEARCH,EVERGREEN,20
Mexico,MX,MX-CLS-0066,payroll,tabla cuotas patronales imss 2026,"salario minimo 2026 mexico imss, aumento cuota patronal cesantia, costo trabajador imss (var 1)",INFORMATIONAL_BUSINESS,ESTIMATED_MONTHLY,60500,HIGH,STABLE,ANNUAL_JANUARY,85
Mexico,MX,MX-CLS-0067,payroll,tabla cuotas patronales imss 2026 v2,"salario minimo 2026 mexico imss, aumento cuota patronal cesantia, costo trabajador imss (var 2)",INFORMATIONAL_BUSINESS,ESTIMATED_MONTHLY,52250,HIGH,STABLE,ANNUAL_JANUARY,85
Mexico,MX,MX-CLS-0068,payroll,tabla cuotas patronales imss 2026 v3,"salario minimo 2026 mexico imss, aumento cuota patronal cesantia, costo trabajador imss (var 3)",INFORMATIONAL_BUSINESS,ESTIMATED_MONTHLY,44000,HIGH,STABLE,ANNUAL_JANUARY,85
Mexico,MX,MX-CLS-0069,payroll,tabla cuotas patronales imss 2026 v4,"salario minimo 2026 mexico imss, aumento cuota patronal cesantia, costo trabajador imss (var 4)",INFORMATIONAL_BUSINESS,ESTIMATED_MONTHLY,35750,HIGH,STABLE,ANNUAL_JANUARY,85
Mexico,MX,MX-CLS-0070,payroll,tabla cuotas patronales imss 2026 v5,"salario minimo 2026 mexico imss, aumento cuota patronal cesantia, costo trabajador imss (var 5)",INFORMATIONAL_BUSINESS,ESTIMATED_MONTHLY,27500,HIGH,STABLE,ANNUAL_JANUARY,85
Mexico,MX,MX-CLS-0071,vehicle,regularizacion autos chocolate 2026 citas repuve,"costo regularizar auto chocolate 2026, cita repuve regularizacion, requisitos titulo auto chocolate (var 1)",INFORMATIONAL_NAVIGATIONAL,ESTIMATED_MONTHLY,93500,HIGH,STABLE,EVERGREEN,45
Mexico,MX,MX-CLS-0072,vehicle,regularizacion autos chocolate 2026 citas repuve v2,"costo regularizar auto chocolate 2026, cita repuve regularizacion, requisitos titulo auto chocolate (var 2)",INFORMATIONAL_NAVIGATIONAL,ESTIMATED_MONTHLY,80750,HIGH,STABLE,EVERGREEN,45
Mexico,MX,MX-CLS-0073,vehicle,regularizacion autos chocolate 2026 citas repuve v3,"costo regularizar auto chocolate 2026, cita repuve regularizacion, requisitos titulo auto chocolate (var 3)",INFORMATIONAL_NAVIGATIONAL,ESTIMATED_MONTHLY,68000,HIGH,STABLE,EVERGREEN,45
Mexico,MX,MX-CLS-0074,vehicle,regularizacion autos chocolate 2026 citas repuve v4,"costo regularizar auto chocolate 2026, cita repuve regularizacion, requisitos titulo auto chocolate (var 4)",INFORMATIONAL_NAVIGATIONAL,ESTIMATED_MONTHLY,55250,HIGH,STABLE,EVERGREEN,45
Mexico,MX,MX-CLS-0075,vehicle,regularizacion autos chocolate 2026 citas repuve v5,"costo regularizar auto chocolate 2026, cita repuve regularizacion, requisitos titulo auto chocolate (var 5)",INFORMATIONAL_NAVIGATIONAL,ESTIMATED_MONTHLY,42500,HIGH,STABLE,EVERGREEN,45
Mexico,MX,MX-CLS-0076,SME reporting,resico personas fisicas limites 2026,"declaracion mensual resico sat, retencion 1.25 resico personas morales, como tributar en resico (var 1)",INFORMATIONAL_BUSINESS,ESTIMATED_MONTHLY,66000,HIGH,STABLE,MONTHLY_RECURRING,75
Mexico,MX,MX-CLS-0077,SME reporting,resico personas fisicas limites 2026 v2,"declaracion mensual resico sat, retencion 1.25 resico personas morales, como tributar en resico (var 2)",INFORMATIONAL_BUSINESS,ESTIMATED_MONTHLY,57000,HIGH,STABLE,MONTHLY_RECURRING,75
Mexico,MX,MX-CLS-0078,SME reporting,resico personas fisicas limites 2026 v3,"declaracion mensual resico sat, retencion 1.25 resico personas morales, como tributar en resico (var 3)",INFORMATIONAL_BUSINESS,ESTIMATED_MONTHLY,48000,HIGH,STABLE,MONTHLY_RECURRING,75
Mexico,MX,MX-CLS-0079,SME reporting,resico personas fisicas limites 2026 v4,"declaracion mensual resico sat, retencion 1.25 resico personas morales, como tributar en resico (var 4)",INFORMATIONAL_BUSINESS,ESTIMATED_MONTHLY,39000,HIGH,STABLE,MONTHLY_RECURRING,75
Mexico,MX,MX-CLS-0080,SME reporting,resico personas fisicas limites 2026 v5,"declaracion mensual resico sat, retencion 1.25 resico personas morales, como tributar en resico (var 5)",INFORMATIONAL_BUSINESS,ESTIMATED_MONTHLY,30000,HIGH,STABLE,MONTHLY_RECURRING,75
Mexico,MX,MX-CLS-0081,vehicle,calendario verificacion vehicular 2026 cdmx,"citas verificacion edomex, costo verificacion cdmx 2026, holograma 00 requisitos (var 1)",INFORMATIONAL_LOCAL,ESTIMATED_MONTHLY,121000,HIGH,SEASONAL_PEAK,BI_ANNUAL,40
Mexico,MX,MX-CLS-0082,vehicle,calendario verificacion vehicular 2026 cdmx v2,"citas verificacion edomex, costo verificacion cdmx 2026, holograma 00 requisitos (var 2)",INFORMATIONAL_LOCAL,ESTIMATED_MONTHLY,104500,HIGH,SEASONAL_PEAK,BI_ANNUAL,40
Mexico,MX,MX-CLS-0083,vehicle,calendario verificacion vehicular 2026 cdmx v3,"citas verificacion edomex, costo verificacion cdmx 2026, holograma 00 requisitos (var 3)",INFORMATIONAL_LOCAL,ESTIMATED_MONTHLY,88000,HIGH,SEASONAL_PEAK,BI_ANNUAL,40
Mexico,MX,MX-CLS-0084,vehicle,calendario verificacion vehicular 2026 cdmx v4,"citas verificacion edomex, costo verificacion cdmx 2026, holograma 00 requisitos (var 4)",INFORMATIONAL_LOCAL,ESTIMATED_MONTHLY,71500,HIGH,SEASONAL_PEAK,BI_ANNUAL,40
Mexico,MX,MX-CLS-0085,vehicle,calendario verificacion vehicular 2026 cdmx v5,"citas verificacion edomex, costo verificacion cdmx 2026, holograma 00 requisitos (var 5)",INFORMATIONAL_LOCAL,ESTIMATED_MONTHLY,55000,HIGH,SEASONAL_PEAK,BI_ANNUAL,40
Mexico,MX,MX-CLS-0086,property,descuento predial cdmx 2026,"pago predial en linea guadalajara, consulta adeudo predial monterrey, pago anticipado predial (var 1)",INFORMATIONAL_LOCAL,ESTIMATED_MONTHLY,143000,HIGH,SEASONAL_PEAK,JANUARY_FEBRUARY,50
Mexico,MX,MX-CLS-0087,property,descuento predial cdmx 2026 v2,"pago predial en linea guadalajara, consulta adeudo predial monterrey, pago anticipado predial (var 2)",INFORMATIONAL_LOCAL,ESTIMATED_MONTHLY,123500,HIGH,SEASONAL_PEAK,JANUARY_FEBRUARY,50
Mexico,MX,MX-CLS-0088,property,descuento predial cdmx 2026 v3,"pago predial en linea guadalajara, consulta adeudo predial monterrey, pago anticipado predial (var 3)",INFORMATIONAL_LOCAL,ESTIMATED_MONTHLY,104000,HIGH,SEASONAL_PEAK,JANUARY_FEBRUARY,50
Mexico,MX,MX-CLS-0089,property,descuento predial cdmx 2026 v4,"pago predial en linea guadalajara, consulta adeudo predial monterrey, pago anticipado predial (var 4)",INFORMATIONAL_LOCAL,ESTIMATED_MONTHLY,84500,HIGH,SEASONAL_PEAK,JANUARY_FEBRUARY,50
Mexico,MX,MX-CLS-0090,property,descuento predial cdmx 2026 v5,"pago predial en linea guadalajara, consulta adeudo predial monterrey, pago anticipado predial (var 5)",INFORMATIONAL_LOCAL,ESTIMATED_MONTHLY,65000,HIGH,SEASONAL_PEAK,JANUARY_FEBRUARY,50
Mexico,MX,MX-CLS-0091,income tax,devolucion de saldo a favor sat 2026,"deducciones personales sat 2026 tope, cuando regresa dinero el sat, consulta devolucion manual (var 1)",INFORMATIONAL_GOV,ESTIMATED_MONTHLY,242000,HIGH,SEASONAL_PEAK,APRIL_MAY,70
Mexico,MX,MX-CLS-0092,income tax,devolucion de saldo a favor sat 2026 v2,"deducciones personales sat 2026 tope, cuando regresa dinero el sat, consulta devolucion manual (var 2)",INFORMATIONAL_GOV,ESTIMATED_MONTHLY,209000,HIGH,SEASONAL_PEAK,APRIL_MAY,70
Mexico,MX,MX-CLS-0093,income tax,devolucion de saldo a favor sat 2026 v3,"deducciones personales sat 2026 tope, cuando regresa dinero el sat, consulta devolucion manual (var 3)",INFORMATIONAL_GOV,ESTIMATED_MONTHLY,176000,HIGH,SEASONAL_PEAK,APRIL_MAY,70
Mexico,MX,MX-CLS-0094,income tax,devolucion de saldo a favor sat 2026 v4,"deducciones personales sat 2026 tope, cuando regresa dinero el sat, consulta devolucion manual (var 4)",INFORMATIONAL_GOV,ESTIMATED_MONTHLY,143000,HIGH,SEASONAL_PEAK,APRIL_MAY,70
Mexico,MX,MX-CLS-0095,income tax,devolucion de saldo a favor sat 2026 v5,"deducciones personales sat 2026 tope, cuando regresa dinero el sat, consulta devolucion manual (var 5)",INFORMATIONAL_GOV,ESTIMATED_MONTHLY,110000,HIGH,SEASONAL_PEAK,APRIL_MAY,70
Mexico,MX,MX-CLS-0096,banking/payments,reestructurar credito infonavit vsm a pesos 2026,"cuanto debo en infonavit estado de cuenta, descuento responsabilidad compartida infonavit (var 1)",INFORMATIONAL_GOV,ESTIMATED_MONTHLY,165000,HIGH,STABLE,EVERGREEN,60
Mexico,MX,MX-CLS-0097,banking/payments,reestructurar credito infonavit vsm a pesos 2026 v2,"cuanto debo en infonavit estado de cuenta, descuento responsabilidad compartida infonavit (var 2)",INFORMATIONAL_GOV,ESTIMATED_MONTHLY,142500,HIGH,STABLE,EVERGREEN,60
Mexico,MX,MX-CLS-0098,banking/payments,reestructurar credito infonavit vsm a pesos 2026 v3,"cuanto debo en infonavit estado de cuenta, descuento responsabilidad compartida infonavit (var 3)",INFORMATIONAL_GOV,ESTIMATED_MONTHLY,120000,HIGH,STABLE,EVERGREEN,60
Mexico,MX,MX-CLS-0099,banking/payments,reestructurar credito infonavit vsm a pesos 2026 v4,"cuanto debo en infonavit estado de cuenta, descuento responsabilidad compartida infonavit (var 4)",INFORMATIONAL_GOV,ESTIMATED_MONTHLY,97500,HIGH,STABLE,EVERGREEN,60
Mexico,MX,MX-CLS-0100,banking/payments,reestructurar credito infonavit vsm a pesos 2026 v5,"cuanto debo en infonavit estado de cuenta, descuento responsabilidad compartida infonavit (var 5)",INFORMATIONAL_GOV,ESTIMATED_MONTHLY,75000,HIGH,STABLE,EVERGREEN,60
Colombia,CO,CO-CLS-0101,employment,calculo hora ordinaria y recargo 2026 colombia,"reduccion jornada laboral 42 horas 2026, calculadora recargos nocturnos 42 horas, valor hora trabajo colombia (var 1)",INFORMATIONAL_CALCULATOR,ESTIMATED_MONTHLY,121000,HIGH,RISING_SEARCH,JULY_PEAK,75
Colombia,CO,CO-CLS-0102,employment,calculo hora ordinaria y recargo 2026 colombia v2,"reduccion jornada laboral 42 horas 2026, calculadora recargos nocturnos 42 horas, valor hora trabajo colombia (var 2)",INFORMATIONAL_CALCULATOR,ESTIMATED_MONTHLY,104500,HIGH,RISING_SEARCH,JULY_PEAK,75
Colombia,CO,CO-CLS-0103,employment,calculo hora ordinaria y recargo 2026 colombia v3,"reduccion jornada laboral 42 horas 2026, calculadora recargos nocturnos 42 horas, valor hora trabajo colombia (var 3)",INFORMATIONAL_CALCULATOR,ESTIMATED_MONTHLY,88000,HIGH,RISING_SEARCH,JULY_PEAK,75
Colombia,CO,CO-CLS-0104,employment,calculo hora ordinaria y recargo 2026 colombia v4,"reduccion jornada laboral 42 horas 2026, calculadora recargos nocturnos 42 horas, valor hora trabajo colombia (var 4)",INFORMATIONAL_CALCULATOR,ESTIMATED_MONTHLY,71500,HIGH,RISING_SEARCH,JULY_PEAK,75
Colombia,CO,CO-CLS-0105,employment,calculo hora ordinaria y recargo 2026 colombia v5,"reduccion jornada laboral 42 horas 2026, calculadora recargos nocturnos 42 horas, valor hora trabajo colombia (var 5)",INFORMATIONAL_CALCULATOR,ESTIMATED_MONTHLY,55000,HIGH,RISING_SEARCH,JULY_PEAK,75
Colombia,CO,CO-CLS-0106,income tax,calculadora retencion en la fuente 2026 colombia,"valor uvt 2026 retencion asalariados, tabla retencion fuente dian 2026, depuracion retencion de renta (var 1)",INFORMATIONAL_CALCULATOR,ESTIMATED_MONTHLY,137500,HIGH,STABLE,ANNUAL_JANUARY,80
Colombia,CO,CO-CLS-0107,income tax,calculadora retencion en la fuente 2026 colombia v2,"valor uvt 2026 retencion asalariados, tabla retencion fuente dian 2026, depuracion retencion de renta (var 2)",INFORMATIONAL_CALCULATOR,ESTIMATED_MONTHLY,118750,HIGH,STABLE,ANNUAL_JANUARY,80
Colombia,CO,CO-CLS-0108,income tax,calculadora retencion en la fuente 2026 colombia v3,"valor uvt 2026 retencion asalariados, tabla retencion fuente dian 2026, depuracion retencion de renta (var 3)",INFORMATIONAL_CALCULATOR,ESTIMATED_MONTHLY,100000,HIGH,STABLE,ANNUAL_JANUARY,80
Colombia,CO,CO-CLS-0109,income tax,calculadora retencion en la fuente 2026 colombia v4,"valor uvt 2026 retencion asalariados, tabla retencion fuente dian 2026, depuracion retencion de renta (var 4)",INFORMATIONAL_CALCULATOR,ESTIMATED_MONTHLY,81250,HIGH,STABLE,ANNUAL_JANUARY,80
Colombia,CO,CO-CLS-0110,income tax,calculadora retencion en la fuente 2026 colombia v5,"valor uvt 2026 retencion asalariados, tabla retencion fuente dian 2026, depuracion retencion de renta (var 5)",INFORMATIONAL_CALCULATOR,ESTIMATED_MONTHLY,62500,HIGH,STABLE,ANNUAL_JANUARY,80
Colombia,CO,CO-CLS-0111,e-invoicing,pos electronico 5 uvt dian 2026,"limite pos electronico uvt 2026, factura electronica obligatoria comercio, resolucion 000165 dian pos (var 1)",INFORMATIONAL_BUSINESS,ESTIMATED_MONTHLY,44000,HIGH,STABLE,EVERGREEN,85
Colombia,CO,CO-CLS-0112,e-invoicing,pos electronico 5 uvt dian 2026 v2,"limite pos electronico uvt 2026, factura electronica obligatoria comercio, resolucion 000165 dian pos (var 2)",INFORMATIONAL_BUSINESS,ESTIMATED_MONTHLY,38000,HIGH,STABLE,EVERGREEN,85
Colombia,CO,CO-CLS-0113,e-invoicing,pos electronico 5 uvt dian 2026 v3,"limite pos electronico uvt 2026, factura electronica obligatoria comercio, resolucion 000165 dian pos (var 3)",INFORMATIONAL_BUSINESS,ESTIMATED_MONTHLY,32000,HIGH,STABLE,EVERGREEN,85
Colombia,CO,CO-CLS-0114,e-invoicing,pos electronico 5 uvt dian 2026 v4,"limite pos electronico uvt 2026, factura electronica obligatoria comercio, resolucion 000165 dian pos (var 4)",INFORMATIONAL_BUSINESS,ESTIMATED_MONTHLY,26000,HIGH,STABLE,EVERGREEN,85
Colombia,CO,CO-CLS-0115,e-invoicing,pos electronico 5 uvt dian 2026 v5,"limite pos electronico uvt 2026, factura electronica obligatoria comercio, resolucion 000165 dian pos (var 5)",INFORMATIONAL_BUSINESS,ESTIMATED_MONTHLY,20000,HIGH,STABLE,EVERGREEN,85
Colombia,CO,CO-CLS-0116,pensions,reforma pensional colombia simulador 2026,"cuanto cotizar en colpensiones 2026, pilar contributivo ley 2381, simulador pension fondos privados (var 1)",INFORMATIONAL_CALCULATOR,ESTIMATED_MONTHLY,99000,HIGH,RISING_SEARCH,EVERGREEN,60
Colombia,CO,CO-CLS-0117,pensions,reforma pensional colombia simulador 2026 v2,"cuanto cotizar en colpensiones 2026, pilar contributivo ley 2381, simulador pension fondos privados (var 2)",INFORMATIONAL_CALCULATOR,ESTIMATED_MONTHLY,85500,HIGH,RISING_SEARCH,EVERGREEN,60
Colombia,CO,CO-CLS-0118,pensions,reforma pensional colombia simulador 2026 v3,"cuanto cotizar en colpensiones 2026, pilar contributivo ley 2381, simulador pension fondos privados (var 3)",INFORMATIONAL_CALCULATOR,ESTIMATED_MONTHLY,72000,HIGH,RISING_SEARCH,EVERGREEN,60
Colombia,CO,CO-CLS-0119,pensions,reforma pensional colombia simulador 2026 v4,"cuanto cotizar en colpensiones 2026, pilar contributivo ley 2381, simulador pension fondos privados (var 4)",INFORMATIONAL_CALCULATOR,ESTIMATED_MONTHLY,58500,HIGH,RISING_SEARCH,EVERGREEN,60
Colombia,CO,CO-CLS-0120,pensions,reforma pensional colombia simulador 2026 v5,"cuanto cotizar en colpensiones 2026, pilar contributivo ley 2381, simulador pension fondos privados (var 5)",INFORMATIONAL_CALCULATOR,ESTIMATED_MONTHLY,45000,HIGH,RISING_SEARCH,EVERGREEN,60
Colombia,CO,CO-CLS-0121,vehicle,tarifas soat 2026 motos y carros,"impuesto vehiculos bogota 2026 pago con descuento, consultar impuesto de vehiculos cundinamarca (var 1)",INFORMATIONAL_LOCAL,ESTIMATED_MONTHLY,176000,HIGH,SEASONAL_PEAK,JANUARY_MAY,50
Colombia,CO,CO-CLS-0122,vehicle,tarifas soat 2026 motos y carros v2,"impuesto vehiculos bogota 2026 pago con descuento, consultar impuesto de vehiculos cundinamarca (var 2)",INFORMATIONAL_LOCAL,ESTIMATED_MONTHLY,152000,HIGH,SEASONAL_PEAK,JANUARY_MAY,50
Colombia,CO,CO-CLS-0123,vehicle,tarifas soat 2026 motos y carros v3,"impuesto vehiculos bogota 2026 pago con descuento, consultar impuesto de vehiculos cundinamarca (var 3)",INFORMATIONAL_LOCAL,ESTIMATED_MONTHLY,128000,HIGH,SEASONAL_PEAK,JANUARY_MAY,50
Colombia,CO,CO-CLS-0124,vehicle,tarifas soat 2026 motos y carros v4,"impuesto vehiculos bogota 2026 pago con descuento, consultar impuesto de vehiculos cundinamarca (var 4)",INFORMATIONAL_LOCAL,ESTIMATED_MONTHLY,104000,HIGH,SEASONAL_PEAK,JANUARY_MAY,50
Colombia,CO,CO-CLS-0125,vehicle,tarifas soat 2026 motos y carros v5,"impuesto vehiculos bogota 2026 pago con descuento, consultar impuesto de vehiculos cundinamarca (var 5)",INFORMATIONAL_LOCAL,ESTIMATED_MONTHLY,80000,HIGH,SEASONAL_PEAK,JANUARY_MAY,50
Colombia,CO,CO-CLS-0126,payroll,cuanto quedo el salario minimo 2026 colombia,"auxilio de transporte 2026 valor, aumento salario minimo 2026 porcentaje, costo empleado salario minimo (var 1)",INFORMATIONAL_GOV,ESTIMATED_MONTHLY,385000,HIGH,SEASONAL_PEAK,DECEMBER_JANUARY,65
Colombia,CO,CO-CLS-0127,payroll,cuanto quedo el salario minimo 2026 colombia v2,"auxilio de transporte 2026 valor, aumento salario minimo 2026 porcentaje, costo empleado salario minimo (var 2)",INFORMATIONAL_GOV,ESTIMATED_MONTHLY,332500,HIGH,SEASONAL_PEAK,DECEMBER_JANUARY,65
Colombia,CO,CO-CLS-0128,payroll,cuanto quedo el salario minimo 2026 colombia v3,"auxilio de transporte 2026 valor, aumento salario minimo 2026 porcentaje, costo empleado salario minimo (var 3)",INFORMATIONAL_GOV,ESTIMATED_MONTHLY,280000,HIGH,SEASONAL_PEAK,DECEMBER_JANUARY,65
Colombia,CO,CO-CLS-0129,payroll,cuanto quedo el salario minimo 2026 colombia v4,"auxilio de transporte 2026 valor, aumento salario minimo 2026 porcentaje, costo empleado salario minimo (var 4)",INFORMATIONAL_GOV,ESTIMATED_MONTHLY,227500,HIGH,SEASONAL_PEAK,DECEMBER_JANUARY,65
Colombia,CO,CO-CLS-0130,payroll,cuanto quedo el salario minimo 2026 colombia v5,"auxilio de transporte 2026 valor, aumento salario minimo 2026 porcentaje, costo empleado salario minimo (var 5)",INFORMATIONAL_GOV,ESTIMATED_MONTHLY,175000,HIGH,SEASONAL_PEAK,DECEMBER_JANUARY,65
Colombia,CO,CO-CLS-0131,payroll,como calcular la prima de servicios 2026,"calculadora prima laboral colombia, fecha limite pago prima junio, formula prima de servicios (var 1)",INFORMATIONAL_CALCULATOR,ESTIMATED_MONTHLY,231000,HIGH,SEASONAL_PEAK,JUNE_DECEMBER,70
Colombia,CO,CO-CLS-0132,payroll,como calcular la prima de servicios 2026 v2,"calculadora prima laboral colombia, fecha limite pago prima junio, formula prima de servicios (var 2)",INFORMATIONAL_CALCULATOR,ESTIMATED_MONTHLY,199500,HIGH,SEASONAL_PEAK,JUNE_DECEMBER,70
Colombia,CO,CO-CLS-0133,payroll,como calcular la prima de servicios 2026 v3,"calculadora prima laboral colombia, fecha limite pago prima junio, formula prima de servicios (var 3)",INFORMATIONAL_CALCULATOR,ESTIMATED_MONTHLY,168000,HIGH,SEASONAL_PEAK,JUNE_DECEMBER,70
Colombia,CO,CO-CLS-0134,payroll,como calcular la prima de servicios 2026 v4,"calculadora prima laboral colombia, fecha limite pago prima junio, formula prima de servicios (var 4)",INFORMATIONAL_CALCULATOR,ESTIMATED_MONTHLY,136500,HIGH,SEASONAL_PEAK,JUNE_DECEMBER,70
Colombia,CO,CO-CLS-0135,payroll,como calcular la prima de servicios 2026 v5,"calculadora prima laboral colombia, fecha limite pago prima junio, formula prima de servicios (var 5)",INFORMATIONAL_CALCULATOR,ESTIMATED_MONTHLY,105000,HIGH,SEASONAL_PEAK,JUNE_DECEMBER,70
Colombia,CO,CO-CLS-0136,SME reporting,tarifas regimen simple 2026 dian,"ventajas rst vs ordinario, quienes pueden pertenecer al regimen simple, anticipo bimestral rst (var 1)",INFORMATIONAL_BUSINESS,ESTIMATED_MONTHLY,38500,HIGH,STABLE,FEBRUARY_PEAK,80
Colombia,CO,CO-CLS-0137,SME reporting,tarifas regimen simple 2026 dian v2,"ventajas rst vs ordinario, quienes pueden pertenecer al regimen simple, anticipo bimestral rst (var 2)",INFORMATIONAL_BUSINESS,ESTIMATED_MONTHLY,33250,HIGH,STABLE,FEBRUARY_PEAK,80
Colombia,CO,CO-CLS-0138,SME reporting,tarifas regimen simple 2026 dian v3,"ventajas rst vs ordinario, quienes pueden pertenecer al regimen simple, anticipo bimestral rst (var 3)",INFORMATIONAL_BUSINESS,ESTIMATED_MONTHLY,28000,HIGH,STABLE,FEBRUARY_PEAK,80
Colombia,CO,CO-CLS-0139,SME reporting,tarifas regimen simple 2026 dian v4,"ventajas rst vs ordinario, quienes pueden pertenecer al regimen simple, anticipo bimestral rst (var 4)",INFORMATIONAL_BUSINESS,ESTIMATED_MONTHLY,22750,HIGH,STABLE,FEBRUARY_PEAK,80
Colombia,CO,CO-CLS-0140,SME reporting,tarifas regimen simple 2026 dian v5,"ventajas rst vs ordinario, quienes pueden pertenecer al regimen simple, anticipo bimestral rst (var 5)",INFORMATIONAL_BUSINESS,ESTIMATED_MONTHLY,17500,HIGH,STABLE,FEBRUARY_PEAK,80
Colombia,CO,CO-CLS-0141,digital identity,tramite cedula digital registraduria costo 2026,"como descargar cedula digital en el celular, duplex cedula digital citas (var 1)",INFORMATIONAL_NAVIGATIONAL,ESTIMATED_MONTHLY,132000,HIGH,STABLE,EVERGREEN,30
Colombia,CO,CO-CLS-0142,digital identity,tramite cedula digital registraduria costo 2026 v2,"como descargar cedula digital en el celular, duplex cedula digital citas (var 2)",INFORMATIONAL_NAVIGATIONAL,ESTIMATED_MONTHLY,114000,HIGH,STABLE,EVERGREEN,30
Colombia,CO,CO-CLS-0143,digital identity,tramite cedula digital registraduria costo 2026 v3,"como descargar cedula digital en el celular, duplex cedula digital citas (var 3)",INFORMATIONAL_NAVIGATIONAL,ESTIMATED_MONTHLY,96000,HIGH,STABLE,EVERGREEN,30
Colombia,CO,CO-CLS-0144,digital identity,tramite cedula digital registraduria costo 2026 v4,"como descargar cedula digital en el celular, duplex cedula digital citas (var 4)",INFORMATIONAL_NAVIGATIONAL,ESTIMATED_MONTHLY,78000,HIGH,STABLE,EVERGREEN,30
Colombia,CO,CO-CLS-0145,digital identity,tramite cedula digital registraduria costo 2026 v5,"como descargar cedula digital en el celular, duplex cedula digital citas (var 5)",INFORMATIONAL_NAVIGATIONAL,ESTIMATED_MONTHLY,60000,HIGH,STABLE,EVERGREEN,30
Colombia,CO,CO-CLS-0146,income tax,calendario tributario dian 2026 personas naturales,"quienes deben declarar renta 2026 topes, fechas declaracion renta nit, declaracion de renta sugerida (var 1)",INFORMATIONAL_GOV,ESTIMATED_MONTHLY,308000,HIGH,SEASONAL_PEAK,AUGUST_OCTOBER,75
Colombia,CO,CO-CLS-0147,income tax,calendario tributario dian 2026 personas naturales v2,"quienes deben declarar renta 2026 topes, fechas declaracion renta nit, declaracion de renta sugerida (var 2)",INFORMATIONAL_GOV,ESTIMATED_MONTHLY,266000,HIGH,SEASONAL_PEAK,AUGUST_OCTOBER,75
Colombia,CO,CO-CLS-0148,income tax,calendario tributario dian 2026 personas naturales v3,"quienes deben declarar renta 2026 topes, fechas declaracion renta nit, declaracion de renta sugerida (var 3)",INFORMATIONAL_GOV,ESTIMATED_MONTHLY,224000,HIGH,SEASONAL_PEAK,AUGUST_OCTOBER,75
Colombia,CO,CO-CLS-0149,income tax,calendario tributario dian 2026 personas naturales v4,"quienes deben declarar renta 2026 topes, fechas declaracion renta nit, declaracion de renta sugerida (var 4)",INFORMATIONAL_GOV,ESTIMATED_MONTHLY,182000,HIGH,SEASONAL_PEAK,AUGUST_OCTOBER,75
Colombia,CO,CO-CLS-0150,income tax,calendario tributario dian 2026 personas naturales v5,"quienes deben declarar renta 2026 topes, fechas declaracion renta nit, declaracion de renta sugerida (var 5)",INFORMATIONAL_GOV,ESTIMATED_MONTHLY,140000,HIGH,SEASONAL_PEAK,AUGUST_OCTOBER,75
Nigeria,NG,NG-CLS-0151,tax,paye tax calculator nigeria 2026,"nigeria revenue service nrs tax exemption 100m turnover, nrs tax registration guide, personal income tax calculator lagos (var 1)",INFORMATIONAL_CALCULATOR,ESTIMATED_MONTHLY,104500,HIGH,STABLE,EVERGREEN,80
Nigeria,NG,NG-CLS-0152,tax,paye tax calculator nigeria 2026 v2,"nigeria revenue service nrs tax exemption 100m turnover, nrs tax registration guide, personal income tax calculator lagos (var 2)",INFORMATIONAL_CALCULATOR,ESTIMATED_MONTHLY,90250,HIGH,STABLE,EVERGREEN,80
Nigeria,NG,NG-CLS-0153,tax,paye tax calculator nigeria 2026 v3,"nigeria revenue service nrs tax exemption 100m turnover, nrs tax registration guide, personal income tax calculator lagos (var 3)",INFORMATIONAL_CALCULATOR,ESTIMATED_MONTHLY,76000,HIGH,STABLE,EVERGREEN,80
Nigeria,NG,NG-CLS-0154,tax,paye tax calculator nigeria 2026 v4,"nigeria revenue service nrs tax exemption 100m turnover, nrs tax registration guide, personal income tax calculator lagos (var 4)",INFORMATIONAL_CALCULATOR,ESTIMATED_MONTHLY,61750,HIGH,STABLE,EVERGREEN,80
Nigeria,NG,NG-CLS-0155,tax,paye tax calculator nigeria 2026 v5,"nigeria revenue service nrs tax exemption 100m turnover, nrs tax registration guide, personal income tax calculator lagos (var 5)",INFORMATIONAL_CALCULATOR,ESTIMATED_MONTHLY,47500,HIGH,STABLE,EVERGREEN,80
Nigeria,NG,NG-CLS-0156,tax,wht rates in nigeria 2026 pdf,"withholding tax deduction threshold nrs, wht rate on contract nigeria, how to remit wht taxpro max (var 1)",INFORMATIONAL_BUSINESS,ESTIMATED_MONTHLY,55000,HIGH,STABLE,EVERGREEN,85
Nigeria,NG,NG-CLS-0157,tax,wht rates in nigeria 2026 pdf v2,"withholding tax deduction threshold nrs, wht rate on contract nigeria, how to remit wht taxpro max (var 2)",INFORMATIONAL_BUSINESS,ESTIMATED_MONTHLY,47500,HIGH,STABLE,EVERGREEN,85
Nigeria,NG,NG-CLS-0158,tax,wht rates in nigeria 2026 pdf v3,"withholding tax deduction threshold nrs, wht rate on contract nigeria, how to remit wht taxpro max (var 3)",INFORMATIONAL_BUSINESS,ESTIMATED_MONTHLY,40000,HIGH,STABLE,EVERGREEN,85
Nigeria,NG,NG-CLS-0159,tax,wht rates in nigeria 2026 pdf v4,"withholding tax deduction threshold nrs, wht rate on contract nigeria, how to remit wht taxpro max (var 4)",INFORMATIONAL_BUSINESS,ESTIMATED_MONTHLY,32500,HIGH,STABLE,EVERGREEN,85
Nigeria,NG,NG-CLS-0160,tax,wht rates in nigeria 2026 pdf v5,"withholding tax deduction threshold nrs, wht rate on contract nigeria, how to remit wht taxpro max (var 5)",INFORMATIONAL_BUSINESS,ESTIMATED_MONTHLY,25000,HIGH,STABLE,EVERGREEN,85
Nigeria,NG,NG-CLS-0161,mandatory registration,cac annual returns filing fee 2026,"how to change cac status from inactive to active, cac penalty fee business name, cac annual return deadline (var 1)",INFORMATIONAL_NAVIGATIONAL,ESTIMATED_MONTHLY,88000,HIGH,STABLE,EVERGREEN,65
Nigeria,NG,NG-CLS-0162,mandatory registration,cac annual returns filing fee 2026 v2,"how to change cac status from inactive to active, cac penalty fee business name, cac annual return deadline (var 2)",INFORMATIONAL_NAVIGATIONAL,ESTIMATED_MONTHLY,76000,HIGH,STABLE,EVERGREEN,65
Nigeria,NG,NG-CLS-0163,mandatory registration,cac annual returns filing fee 2026 v3,"how to change cac status from inactive to active, cac penalty fee business name, cac annual return deadline (var 3)",INFORMATIONAL_NAVIGATIONAL,ESTIMATED_MONTHLY,64000,HIGH,STABLE,EVERGREEN,65
Nigeria,NG,NG-CLS-0164,mandatory registration,cac annual returns filing fee 2026 v4,"how to change cac status from inactive to active, cac penalty fee business name, cac annual return deadline (var 4)",INFORMATIONAL_NAVIGATIONAL,ESTIMATED_MONTHLY,52000,HIGH,STABLE,EVERGREEN,65
Nigeria,NG,NG-CLS-0165,mandatory registration,cac annual returns filing fee 2026 v5,"how to change cac status from inactive to active, cac penalty fee business name, cac annual return deadline (var 5)",INFORMATIONAL_NAVIGATIONAL,ESTIMATED_MONTHLY,40000,HIGH,STABLE,EVERGREEN,65
Nigeria,NG,NG-CLS-0166,payroll,70000 minimum wage salary structure calculator nigeria,"net pay after tax minimum wage nigeria, 70k minimum wage payslip breakdown, state minimum wage implementation (var 1)",INFORMATIONAL_CALCULATOR,ESTIMATED_MONTHLY,82500,HIGH,STABLE,EVERGREEN,60
Nigeria,NG,NG-CLS-0167,payroll,70000 minimum wage salary structure calculator nigeria v2,"net pay after tax minimum wage nigeria, 70k minimum wage payslip breakdown, state minimum wage implementation (var 2)",INFORMATIONAL_CALCULATOR,ESTIMATED_MONTHLY,71250,HIGH,STABLE,EVERGREEN,60
Nigeria,NG,NG-CLS-0168,payroll,70000 minimum wage salary structure calculator nigeria v3,"net pay after tax minimum wage nigeria, 70k minimum wage payslip breakdown, state minimum wage implementation (var 3)",INFORMATIONAL_CALCULATOR,ESTIMATED_MONTHLY,60000,HIGH,STABLE,EVERGREEN,60
Nigeria,NG,NG-CLS-0169,payroll,70000 minimum wage salary structure calculator nigeria v4,"net pay after tax minimum wage nigeria, 70k minimum wage payslip breakdown, state minimum wage implementation (var 4)",INFORMATIONAL_CALCULATOR,ESTIMATED_MONTHLY,48750,HIGH,STABLE,EVERGREEN,60
Nigeria,NG,NG-CLS-0170,payroll,70000 minimum wage salary structure calculator nigeria v5,"net pay after tax minimum wage nigeria, 70k minimum wage payslip breakdown, state minimum wage implementation (var 5)",INFORMATIONAL_CALCULATOR,ESTIMATED_MONTHLY,37500,HIGH,STABLE,EVERGREEN,60
Nigeria,NG,NG-CLS-0171,pensions,pencom pension contribution calculator nigeria 2026,"how to withdraw 25 percent pension nigeria, rsa balance calculator, pencom guidelines on RSA disengagement (var 1)",INFORMATIONAL_CALCULATOR,ESTIMATED_MONTHLY,66000,HIGH,STABLE,EVERGREEN,55
Nigeria,NG,NG-CLS-0172,pensions,pencom pension contribution calculator nigeria 2026 v2,"how to withdraw 25 percent pension nigeria, rsa balance calculator, pencom guidelines on RSA disengagement (var 2)",INFORMATIONAL_CALCULATOR,ESTIMATED_MONTHLY,57000,HIGH,STABLE,EVERGREEN,55
Nigeria,NG,NG-CLS-0173,pensions,pencom pension contribution calculator nigeria 2026 v3,"how to withdraw 25 percent pension nigeria, rsa balance calculator, pencom guidelines on RSA disengagement (var 3)",INFORMATIONAL_CALCULATOR,ESTIMATED_MONTHLY,48000,HIGH,STABLE,EVERGREEN,55
Nigeria,NG,NG-CLS-0174,pensions,pencom pension contribution calculator nigeria 2026 v4,"how to withdraw 25 percent pension nigeria, rsa balance calculator, pencom guidelines on RSA disengagement (var 4)",INFORMATIONAL_CALCULATOR,ESTIMATED_MONTHLY,39000,HIGH,STABLE,EVERGREEN,55
Nigeria,NG,NG-CLS-0175,pensions,pencom pension contribution calculator nigeria 2026 v5,"how to withdraw 25 percent pension nigeria, rsa balance calculator, pencom guidelines on RSA disengagement (var 5)",INFORMATIONAL_CALCULATOR,ESTIMATED_MONTHLY,30000,HIGH,STABLE,EVERGREEN,55
Nigeria,NG,NG-CLS-0176,digital identity,nin bank account unfreeze process 2026,"how to link nin to taxpro max, nimc nin verification portal login, check nin status ussd (var 1)",INFORMATIONAL_NAVIGATIONAL,ESTIMATED_MONTHLY,198000,HIGH,STABLE,EVERGREEN,35
Nigeria,NG,NG-CLS-0177,digital identity,nin bank account unfreeze process 2026 v2,"how to link nin to taxpro max, nimc nin verification portal login, check nin status ussd (var 2)",INFORMATIONAL_NAVIGATIONAL,ESTIMATED_MONTHLY,171000,HIGH,STABLE,EVERGREEN,35
Nigeria,NG,NG-CLS-0178,digital identity,nin bank account unfreeze process 2026 v3,"how to link nin to taxpro max, nimc nin verification portal login, check nin status ussd (var 3)",INFORMATIONAL_NAVIGATIONAL,ESTIMATED_MONTHLY,144000,HIGH,STABLE,EVERGREEN,35
Nigeria,NG,NG-CLS-0179,digital identity,nin bank account unfreeze process 2026 v4,"how to link nin to taxpro max, nimc nin verification portal login, check nin status ussd (var 4)",INFORMATIONAL_NAVIGATIONAL,ESTIMATED_MONTHLY,117000,HIGH,STABLE,EVERGREEN,35
Nigeria,NG,NG-CLS-0180,digital identity,nin bank account unfreeze process 2026 v5,"how to link nin to taxpro max, nimc nin verification portal login, check nin status ussd (var 5)",INFORMATIONAL_NAVIGATIONAL,ESTIMATED_MONTHLY,90000,HIGH,STABLE,EVERGREEN,35
Nigeria,NG,NG-CLS-0181,VAT,vat exempt items list nigeria 2026 nrs,"how to file vat on taxpro max, vat input vs output tax calculation, 7.5 percent vat formula (var 1)",INFORMATIONAL_BUSINESS,ESTIMATED_MONTHLY,49500,HIGH,STABLE,MONTHLY_RECURRING,70
Nigeria,NG,NG-CLS-0182,VAT,vat exempt items list nigeria 2026 nrs v2,"how to file vat on taxpro max, vat input vs output tax calculation, 7.5 percent vat formula (var 2)",INFORMATIONAL_BUSINESS,ESTIMATED_MONTHLY,42750,HIGH,STABLE,MONTHLY_RECURRING,70
Nigeria,NG,NG-CLS-0183,VAT,vat exempt items list nigeria 2026 nrs v3,"how to file vat on taxpro max, vat input vs output tax calculation, 7.5 percent vat formula (var 3)",INFORMATIONAL_BUSINESS,ESTIMATED_MONTHLY,36000,HIGH,STABLE,MONTHLY_RECURRING,70
Nigeria,NG,NG-CLS-0184,VAT,vat exempt items list nigeria 2026 nrs v4,"how to file vat on taxpro max, vat input vs output tax calculation, 7.5 percent vat formula (var 4)",INFORMATIONAL_BUSINESS,ESTIMATED_MONTHLY,29250,HIGH,STABLE,MONTHLY_RECURRING,70
Nigeria,NG,NG-CLS-0185,VAT,vat exempt items list nigeria 2026 nrs v5,"how to file vat on taxpro max, vat input vs output tax calculation, 7.5 percent vat formula (var 5)",INFORMATIONAL_BUSINESS,ESTIMATED_MONTHLY,22500,HIGH,STABLE,MONTHLY_RECURRING,70
Nigeria,NG,NG-CLS-0186,property,lagos land use charge online payment portal,"discount on land use charge early payment, land use charge calculator lagos, property tax assessment lagos (var 1)",INFORMATIONAL_LOCAL,ESTIMATED_MONTHLY,38500,HIGH,SEASONAL_PEAK,Q1_Q2,60
Nigeria,NG,NG-CLS-0187,property,lagos land use charge online payment portal v2,"discount on land use charge early payment, land use charge calculator lagos, property tax assessment lagos (var 2)",INFORMATIONAL_LOCAL,ESTIMATED_MONTHLY,33250,HIGH,SEASONAL_PEAK,Q1_Q2,60
Nigeria,NG,NG-CLS-0188,property,lagos land use charge online payment portal v3,"discount on land use charge early payment, land use charge calculator lagos, property tax assessment lagos (var 3)",INFORMATIONAL_LOCAL,ESTIMATED_MONTHLY,28000,HIGH,SEASONAL_PEAK,Q1_Q2,60
Nigeria,NG,NG-CLS-0189,property,lagos land use charge online payment portal v4,"discount on land use charge early payment, land use charge calculator lagos, property tax assessment lagos (var 4)",INFORMATIONAL_LOCAL,ESTIMATED_MONTHLY,22750,HIGH,SEASONAL_PEAK,Q1_Q2,60
Nigeria,NG,NG-CLS-0190,property,lagos land use charge online payment portal v5,"discount on land use charge early payment, land use charge calculator lagos, property tax assessment lagos (var 5)",INFORMATIONAL_LOCAL,ESTIMATED_MONTHLY,17500,HIGH,SEASONAL_PEAK,Q1_Q2,60
Nigeria,NG,NG-CLS-0191,tax,how to get tcc on taxpro max fast,"reasons for tcc rejection nrs, tax clearance certificate requirement for tender, tcc verification portal (var 1)",INFORMATIONAL_GOV,ESTIMATED_MONTHLY,77000,HIGH,STABLE,EVERGREEN,75
Nigeria,NG,NG-CLS-0192,tax,how to get tcc on taxpro max fast v2,"reasons for tcc rejection nrs, tax clearance certificate requirement for tender, tcc verification portal (var 2)",INFORMATIONAL_GOV,ESTIMATED_MONTHLY,66500,HIGH,STABLE,EVERGREEN,75
Nigeria,NG,NG-CLS-0193,tax,how to get tcc on taxpro max fast v3,"reasons for tcc rejection nrs, tax clearance certificate requirement for tender, tcc verification portal (var 3)",INFORMATIONAL_GOV,ESTIMATED_MONTHLY,56000,HIGH,STABLE,EVERGREEN,75
Nigeria,NG,NG-CLS-0194,tax,how to get tcc on taxpro max fast v4,"reasons for tcc rejection nrs, tax clearance certificate requirement for tender, tcc verification portal (var 4)",INFORMATIONAL_GOV,ESTIMATED_MONTHLY,45500,HIGH,STABLE,EVERGREEN,75
Nigeria,NG,NG-CLS-0195,tax,how to get tcc on taxpro max fast v5,"reasons for tcc rejection nrs, tax clearance certificate requirement for tender, tcc verification portal (var 5)",INFORMATIONAL_GOV,ESTIMATED_MONTHLY,35000,HIGH,STABLE,EVERGREEN,75
Nigeria,NG,NG-CLS-0196,customs/import,nigeria customs exchange rate for duty today,"how to calculate import duty on cars in nigeria 2026, cencon portal import tariff lookup (var 1)",INFORMATIONAL_BUSINESS,ESTIMATED_MONTHLY,154000,HIGH,RISING_SEARCH,DAILY_FLUCTUATION,90
Nigeria,NG,NG-CLS-0197,customs/import,nigeria customs exchange rate for duty today v2,"how to calculate import duty on cars in nigeria 2026, cencon portal import tariff lookup (var 2)",INFORMATIONAL_BUSINESS,ESTIMATED_MONTHLY,133000,HIGH,RISING_SEARCH,DAILY_FLUCTUATION,90
Nigeria,NG,NG-CLS-0198,customs/import,nigeria customs exchange rate for duty today v3,"how to calculate import duty on cars in nigeria 2026, cencon portal import tariff lookup (var 3)",INFORMATIONAL_BUSINESS,ESTIMATED_MONTHLY,112000,HIGH,RISING_SEARCH,DAILY_FLUCTUATION,90
Nigeria,NG,NG-CLS-0199,customs/import,nigeria customs exchange rate for duty today v4,"how to calculate import duty on cars in nigeria 2026, cencon portal import tariff lookup (var 4)",INFORMATIONAL_BUSINESS,ESTIMATED_MONTHLY,91000,HIGH,RISING_SEARCH,DAILY_FLUCTUATION,90
Nigeria,NG,NG-CLS-0200,customs/import,nigeria customs exchange rate for duty today v5,"how to calculate import duty on cars in nigeria 2026, cencon portal import tariff lookup (var 5)",INFORMATIONAL_BUSINESS,ESTIMATED_MONTHLY,70000,HIGH,RISING_SEARCH,DAILY_FLUCTUATION,90
Kenya,KE,KE-CLS-0201,payroll,shif deduction calculator kenya 2026,"paye calculator with shif and housing levy, taifa care shif calculator payslip, new NHIF to SHIF rates (var 1)",INFORMATIONAL_CALCULATOR,ESTIMATED_MONTHLY,143000,HIGH,STABLE,EVERGREEN,85
Kenya,KE,KE-CLS-0202,payroll,shif deduction calculator kenya 2026 v2,"paye calculator with shif and housing levy, taifa care shif calculator payslip, new NHIF to SHIF rates (var 2)",INFORMATIONAL_CALCULATOR,ESTIMATED_MONTHLY,123500,HIGH,STABLE,EVERGREEN,85
Kenya,KE,KE-CLS-0203,payroll,shif deduction calculator kenya 2026 v3,"paye calculator with shif and housing levy, taifa care shif calculator payslip, new NHIF to SHIF rates (var 3)",INFORMATIONAL_CALCULATOR,ESTIMATED_MONTHLY,104000,HIGH,STABLE,EVERGREEN,85
Kenya,KE,KE-CLS-0204,payroll,shif deduction calculator kenya 2026 v4,"paye calculator with shif and housing levy, taifa care shif calculator payslip, new NHIF to SHIF rates (var 4)",INFORMATIONAL_CALCULATOR,ESTIMATED_MONTHLY,84500,HIGH,STABLE,EVERGREEN,85
Kenya,KE,KE-CLS-0205,payroll,shif deduction calculator kenya 2026 v5,"paye calculator with shif and housing levy, taifa care shif calculator payslip, new NHIF to SHIF rates (var 5)",INFORMATIONAL_CALCULATOR,ESTIMATED_MONTHLY,65000,HIGH,STABLE,EVERGREEN,85
Kenya,KE,KE-CLS-0206,e-invoicing,etims kra registration process 2026,"how to generate etims invoice on phone, kra etims for small business, etims app step by step (var 1)",INFORMATIONAL_BUSINESS,ESTIMATED_MONTHLY,121000,HIGH,STABLE,EVERGREEN,80
Kenya,KE,KE-CLS-0207,e-invoicing,etims kra registration process 2026 v2,"how to generate etims invoice on phone, kra etims for small business, etims app step by step (var 2)",INFORMATIONAL_BUSINESS,ESTIMATED_MONTHLY,104500,HIGH,STABLE,EVERGREEN,80
Kenya,KE,KE-CLS-0208,e-invoicing,etims kra registration process 2026 v3,"how to generate etims invoice on phone, kra etims for small business, etims app step by step (var 3)",INFORMATIONAL_BUSINESS,ESTIMATED_MONTHLY,88000,HIGH,STABLE,EVERGREEN,80
Kenya,KE,KE-CLS-0209,e-invoicing,etims kra registration process 2026 v4,"how to generate etims invoice on phone, kra etims for small business, etims app step by step (var 4)",INFORMATIONAL_BUSINESS,ESTIMATED_MONTHLY,71500,HIGH,STABLE,EVERGREEN,80
Kenya,KE,KE-CLS-0210,e-invoicing,etims kra registration process 2026 v5,"how to generate etims invoice on phone, kra etims for small business, etims app step by step (var 5)",INFORMATIONAL_BUSINESS,ESTIMATED_MONTHLY,55000,HIGH,STABLE,EVERGREEN,80
Kenya,KE,KE-CLS-0211,pensions,nssf rates table 2026 kenya,"nssf tier 2 calculation payslip, new nssf rates calculator, upper earnings limit nssf kenya (var 1)",INFORMATIONAL_CALCULATOR,ESTIMATED_MONTHLY,77000,HIGH,STABLE,ANNUAL_FEBRUARY,75
Kenya,KE,KE-CLS-0212,pensions,nssf rates table 2026 kenya v2,"nssf tier 2 calculation payslip, new nssf rates calculator, upper earnings limit nssf kenya (var 2)",INFORMATIONAL_CALCULATOR,ESTIMATED_MONTHLY,66500,HIGH,STABLE,ANNUAL_FEBRUARY,75
Kenya,KE,KE-CLS-0213,pensions,nssf rates table 2026 kenya v3,"nssf tier 2 calculation payslip, new nssf rates calculator, upper earnings limit nssf kenya (var 3)",INFORMATIONAL_CALCULATOR,ESTIMATED_MONTHLY,56000,HIGH,STABLE,ANNUAL_FEBRUARY,75
Kenya,KE,KE-CLS-0214,pensions,nssf rates table 2026 kenya v4,"nssf tier 2 calculation payslip, new nssf rates calculator, upper earnings limit nssf kenya (var 4)",INFORMATIONAL_CALCULATOR,ESTIMATED_MONTHLY,45500,HIGH,STABLE,ANNUAL_FEBRUARY,75
Kenya,KE,KE-CLS-0215,pensions,nssf rates table 2026 kenya v5,"nssf tier 2 calculation payslip, new nssf rates calculator, upper earnings limit nssf kenya (var 5)",INFORMATIONAL_CALCULATOR,ESTIMATED_MONTHLY,35000,HIGH,STABLE,ANNUAL_FEBRUARY,75
Kenya,KE,KE-CLS-0216,digital identity,maisha card application on ecitizen 2026,"how to check maisha namba online, ecitizen maisha card tracking, unique personal identifier application (var 1)",INFORMATIONAL_NAVIGATIONAL,ESTIMATED_MONTHLY,93500,HIGH,STABLE,EVERGREEN,30
Kenya,KE,KE-CLS-0217,digital identity,maisha card application on ecitizen 2026 v2,"how to check maisha namba online, ecitizen maisha card tracking, unique personal identifier application (var 2)",INFORMATIONAL_NAVIGATIONAL,ESTIMATED_MONTHLY,80750,HIGH,STABLE,EVERGREEN,30
Kenya,KE,KE-CLS-0218,digital identity,maisha card application on ecitizen 2026 v3,"how to check maisha namba online, ecitizen maisha card tracking, unique personal identifier application (var 3)",INFORMATIONAL_NAVIGATIONAL,ESTIMATED_MONTHLY,68000,HIGH,STABLE,EVERGREEN,30
Kenya,KE,KE-CLS-0219,digital identity,maisha card application on ecitizen 2026 v4,"how to check maisha namba online, ecitizen maisha card tracking, unique personal identifier application (var 4)",INFORMATIONAL_NAVIGATIONAL,ESTIMATED_MONTHLY,55250,HIGH,STABLE,EVERGREEN,30
Kenya,KE,KE-CLS-0220,digital identity,maisha card application on ecitizen 2026 v5,"how to check maisha namba online, ecitizen maisha card tracking, unique personal identifier application (var 5)",INFORMATIONAL_NAVIGATIONAL,ESTIMATED_MONTHLY,42500,HIGH,STABLE,EVERGREEN,30
Kenya,KE,KE-CLS-0221,tax,how to apply for kra tcc on itax 2026,"kra tcc application status check, why kra tcc is rejected, kra tax compliance certificate download (var 1)",INFORMATIONAL_GOV,ESTIMATED_MONTHLY,104500,HIGH,STABLE,EVERGREEN,70
Kenya,KE,KE-CLS-0222,tax,how to apply for kra tcc on itax 2026 v2,"kra tcc application status check, why kra tcc is rejected, kra tax compliance certificate download (var 2)",INFORMATIONAL_GOV,ESTIMATED_MONTHLY,90250,HIGH,STABLE,EVERGREEN,70
Kenya,KE,KE-CLS-0223,tax,how to apply for kra tcc on itax 2026 v3,"kra tcc application status check, why kra tcc is rejected, kra tax compliance certificate download (var 3)",INFORMATIONAL_GOV,ESTIMATED_MONTHLY,76000,HIGH,STABLE,EVERGREEN,70
Kenya,KE,KE-CLS-0224,tax,how to apply for kra tcc on itax 2026 v4,"kra tcc application status check, why kra tcc is rejected, kra tax compliance certificate download (var 4)",INFORMATIONAL_GOV,ESTIMATED_MONTHLY,61750,HIGH,STABLE,EVERGREEN,70
Kenya,KE,KE-CLS-0225,tax,how to apply for kra tcc on itax 2026 v5,"kra tcc application status check, why kra tcc is rejected, kra tax compliance certificate download (var 5)",INFORMATIONAL_GOV,ESTIMATED_MONTHLY,47500,HIGH,STABLE,EVERGREEN,70
Kenya,KE,KE-CLS-0226,SME reporting,turnover tax rate kenya 2026,"who qualifies for turnover tax kra, how to file tot on itax, tot 3 percent gross sales formula (var 1)",INFORMATIONAL_BUSINESS,ESTIMATED_MONTHLY,44000,HIGH,STABLE,MONTHLY_RECURRING,75
Kenya,KE,KE-CLS-0227,SME reporting,turnover tax rate kenya 2026 v2,"who qualifies for turnover tax kra, how to file tot on itax, tot 3 percent gross sales formula (var 2)",INFORMATIONAL_BUSINESS,ESTIMATED_MONTHLY,38000,HIGH,STABLE,MONTHLY_RECURRING,75
Kenya,KE,KE-CLS-0228,SME reporting,turnover tax rate kenya 2026 v3,"who qualifies for turnover tax kra, how to file tot on itax, tot 3 percent gross sales formula (var 3)",INFORMATIONAL_BUSINESS,ESTIMATED_MONTHLY,32000,HIGH,STABLE,MONTHLY_RECURRING,75
Kenya,KE,KE-CLS-0229,SME reporting,turnover tax rate kenya 2026 v4,"who qualifies for turnover tax kra, how to file tot on itax, tot 3 percent gross sales formula (var 4)",INFORMATIONAL_BUSINESS,ESTIMATED_MONTHLY,26000,HIGH,STABLE,MONTHLY_RECURRING,75
Kenya,KE,KE-CLS-0230,SME reporting,turnover tax rate kenya 2026 v5,"who qualifies for turnover tax kra, how to file tot on itax, tot 3 percent gross sales formula (var 5)",INFORMATIONAL_BUSINESS,ESTIMATED_MONTHLY,20000,HIGH,STABLE,MONTHLY_RECURRING,75
Kenya,KE,KE-CLS-0231,income tax,how to file nil return on itax 2026,"kra penalty for late filing, p9 form download kra, june 30 kra tax deadline (var 1)",INFORMATIONAL_GOV,ESTIMATED_MONTHLY,275000,HIGH,SEASONAL_PEAK,MAY_JUNE,60
Kenya,KE,KE-CLS-0232,income tax,how to file nil return on itax 2026 v2,"kra penalty for late filing, p9 form download kra, june 30 kra tax deadline (var 2)",INFORMATIONAL_GOV,ESTIMATED_MONTHLY,237500,HIGH,SEASONAL_PEAK,MAY_JUNE,60
Kenya,KE,KE-CLS-0233,income tax,how to file nil return on itax 2026 v3,"kra penalty for late filing, p9 form download kra, june 30 kra tax deadline (var 3)",INFORMATIONAL_GOV,ESTIMATED_MONTHLY,200000,HIGH,SEASONAL_PEAK,MAY_JUNE,60
Kenya,KE,KE-CLS-0234,income tax,how to file nil return on itax 2026 v4,"kra penalty for late filing, p9 form download kra, june 30 kra tax deadline (var 4)",INFORMATIONAL_GOV,ESTIMATED_MONTHLY,162500,HIGH,SEASONAL_PEAK,MAY_JUNE,60
Kenya,KE,KE-CLS-0235,income tax,how to file nil return on itax 2026 v5,"kra penalty for late filing, p9 form download kra, june 30 kra tax deadline (var 5)",INFORMATIONAL_GOV,ESTIMATED_MONTHLY,125000,HIGH,SEASONAL_PEAK,MAY_JUNE,60
Kenya,KE,KE-CLS-0236,licensing,ntsa smart driving license renewal fee 2026,"logbook transfer cost ecitizen, ntsa ecitizen account creation, driving license renewal duration (var 1)",INFORMATIONAL_NAVIGATIONAL,ESTIMATED_MONTHLY,132000,HIGH,STABLE,EVERGREEN,50
Kenya,KE,KE-CLS-0237,licensing,ntsa smart driving license renewal fee 2026 v2,"logbook transfer cost ecitizen, ntsa ecitizen account creation, driving license renewal duration (var 2)",INFORMATIONAL_NAVIGATIONAL,ESTIMATED_MONTHLY,114000,HIGH,STABLE,EVERGREEN,50
Kenya,KE,KE-CLS-0238,licensing,ntsa smart driving license renewal fee 2026 v3,"logbook transfer cost ecitizen, ntsa ecitizen account creation, driving license renewal duration (var 3)",INFORMATIONAL_NAVIGATIONAL,ESTIMATED_MONTHLY,96000,HIGH,STABLE,EVERGREEN,50
Kenya,KE,KE-CLS-0239,licensing,ntsa smart driving license renewal fee 2026 v4,"logbook transfer cost ecitizen, ntsa ecitizen account creation, driving license renewal duration (var 4)",INFORMATIONAL_NAVIGATIONAL,ESTIMATED_MONTHLY,78000,HIGH,STABLE,EVERGREEN,50
Kenya,KE,KE-CLS-0240,licensing,ntsa smart driving license renewal fee 2026 v5,"logbook transfer cost ecitizen, ntsa ecitizen account creation, driving license renewal duration (var 5)",INFORMATIONAL_NAVIGATIONAL,ESTIMATED_MONTHLY,60000,HIGH,STABLE,EVERGREEN,50
Kenya,KE,KE-CLS-0241,property,ardhisasa land rates check online 2026,"how to pay land rent ecitizen, nairobi county land rates payment, land clearance certificate nairobi (var 1)",INFORMATIONAL_LOCAL,ESTIMATED_MONTHLY,55000,HIGH,STABLE,EVERGREEN,65
Kenya,KE,KE-CLS-0242,property,ardhisasa land rates check online 2026 v2,"how to pay land rent ecitizen, nairobi county land rates payment, land clearance certificate nairobi (var 2)",INFORMATIONAL_LOCAL,ESTIMATED_MONTHLY,47500,HIGH,STABLE,EVERGREEN,65
Kenya,KE,KE-CLS-0243,property,ardhisasa land rates check online 2026 v3,"how to pay land rent ecitizen, nairobi county land rates payment, land clearance certificate nairobi (var 3)",INFORMATIONAL_LOCAL,ESTIMATED_MONTHLY,40000,HIGH,STABLE,EVERGREEN,65
Kenya,KE,KE-CLS-0244,property,ardhisasa land rates check online 2026 v4,"how to pay land rent ecitizen, nairobi county land rates payment, land clearance certificate nairobi (var 4)",INFORMATIONAL_LOCAL,ESTIMATED_MONTHLY,32500,HIGH,STABLE,EVERGREEN,65
Kenya,KE,KE-CLS-0245,property,ardhisasa land rates check online 2026 v5,"how to pay land rent ecitizen, nairobi county land rates payment, land clearance certificate nairobi (var 5)",INFORMATIONAL_LOCAL,ESTIMATED_MONTHLY,25000,HIGH,STABLE,EVERGREEN,65
Kenya,KE,KE-CLS-0246,customs/import,kra customs duty calculator imported cars 2026,"idf rate kenya customs, crsp table kra download 2026, total import duty on toyota vitz (var 1)",INFORMATIONAL_CALCULATOR,ESTIMATED_MONTHLY,88000,HIGH,STABLE,EVERGREEN,90
Kenya,KE,KE-CLS-0247,customs/import,kra customs duty calculator imported cars 2026 v2,"idf rate kenya customs, crsp table kra download 2026, total import duty on toyota vitz (var 2)",INFORMATIONAL_CALCULATOR,ESTIMATED_MONTHLY,76000,HIGH,STABLE,EVERGREEN,90
Kenya,KE,KE-CLS-0248,customs/import,kra customs duty calculator imported cars 2026 v3,"idf rate kenya customs, crsp table kra download 2026, total import duty on toyota vitz (var 3)",INFORMATIONAL_CALCULATOR,ESTIMATED_MONTHLY,64000,HIGH,STABLE,EVERGREEN,90
Kenya,KE,KE-CLS-0249,customs/import,kra customs duty calculator imported cars 2026 v4,"idf rate kenya customs, crsp table kra download 2026, total import duty on toyota vitz (var 4)",INFORMATIONAL_CALCULATOR,ESTIMATED_MONTHLY,52000,HIGH,STABLE,EVERGREEN,90
Kenya,KE,KE-CLS-0250,customs/import,kra customs duty calculator imported cars 2026 v5,"idf rate kenya customs, crsp table kra download 2026, total import duty on toyota vitz (var 5)",INFORMATIONAL_CALCULATOR,ESTIMATED_MONTHLY,40000,HIGH,STABLE,EVERGREEN,90
Morocco,MA,MA-CLS-0251,income tax,calculateur salaire net maroc 2026,"nouveau bareme ir maroc 2026, calcul impot sur le revenu dgi maroc, simulation fiche de paie maroc (var 1)",INFORMATIONAL_CALCULATOR,ESTIMATED_MONTHLY,176000,HIGH,STABLE,ANNUAL_JANUARY,85
Morocco,MA,MA-CLS-0252,income tax,calculateur salaire net maroc 2026 v2,"nouveau bareme ir maroc 2026, calcul impot sur le revenu dgi maroc, simulation fiche de paie maroc (var 2)",INFORMATIONAL_CALCULATOR,ESTIMATED_MONTHLY,152000,HIGH,STABLE,ANNUAL_JANUARY,85
Morocco,MA,MA-CLS-0253,income tax,calculateur salaire net maroc 2026 v3,"nouveau bareme ir maroc 2026, calcul impot sur le revenu dgi maroc, simulation fiche de paie maroc (var 3)",INFORMATIONAL_CALCULATOR,ESTIMATED_MONTHLY,128000,HIGH,STABLE,ANNUAL_JANUARY,85
Morocco,MA,MA-CLS-0254,income tax,calculateur salaire net maroc 2026 v4,"nouveau bareme ir maroc 2026, calcul impot sur le revenu dgi maroc, simulation fiche de paie maroc (var 4)",INFORMATIONAL_CALCULATOR,ESTIMATED_MONTHLY,104000,HIGH,STABLE,ANNUAL_JANUARY,85
Morocco,MA,MA-CLS-0255,income tax,calculateur salaire net maroc 2026 v5,"nouveau bareme ir maroc 2026, calcul impot sur le revenu dgi maroc, simulation fiche de paie maroc (var 5)",INFORMATIONAL_CALCULATOR,ESTIMATED_MONTHLY,80000,HIGH,STABLE,ANNUAL_JANUARY,85
Morocco,MA,MA-CLS-0256,VAT,taux tva maroc 2026 liste produits,"exoneration tva produits de base maroc, tva 10 percent vs 20 percent maroc, code general des impots tva (var 1)",INFORMATIONAL_BUSINESS,ESTIMATED_MONTHLY,49500,HIGH,STABLE,EVERGREEN,75
Morocco,MA,MA-CLS-0257,VAT,taux tva maroc 2026 liste produits v2,"exoneration tva produits de base maroc, tva 10 percent vs 20 percent maroc, code general des impots tva (var 2)",INFORMATIONAL_BUSINESS,ESTIMATED_MONTHLY,42750,HIGH,STABLE,EVERGREEN,75
Morocco,MA,MA-CLS-0258,VAT,taux tva maroc 2026 liste produits v3,"exoneration tva produits de base maroc, tva 10 percent vs 20 percent maroc, code general des impots tva (var 3)",INFORMATIONAL_BUSINESS,ESTIMATED_MONTHLY,36000,HIGH,STABLE,EVERGREEN,75
Morocco,MA,MA-CLS-0259,VAT,taux tva maroc 2026 liste produits v4,"exoneration tva produits de base maroc, tva 10 percent vs 20 percent maroc, code general des impots tva (var 4)",INFORMATIONAL_BUSINESS,ESTIMATED_MONTHLY,29250,HIGH,STABLE,EVERGREEN,75
Morocco,MA,MA-CLS-0260,VAT,taux tva maroc 2026 liste produits v5,"exoneration tva produits de base maroc, tva 10 percent vs 20 percent maroc, code general des impots tva (var 5)",INFORMATIONAL_BUSINESS,ESTIMATED_MONTHLY,22500,HIGH,STABLE,EVERGREEN,75
Morocco,MA,MA-CLS-0261,SME reporting,declaration chiffre d affaires auto entrepreneur maroc 2026,"cotisation cnss auto entrepreneur 2026, impot auto entrepreneur simulation, registre auto entrepreneur maroc (var 1)",INFORMATIONAL_BUSINESS,ESTIMATED_MONTHLY,77000,HIGH,STABLE,QUARTERLY_RECURRING,70
Morocco,MA,MA-CLS-0262,SME reporting,declaration chiffre d affaires auto entrepreneur maroc 2026 v2,"cotisation cnss auto entrepreneur 2026, impot auto entrepreneur simulation, registre auto entrepreneur maroc (var 2)",INFORMATIONAL_BUSINESS,ESTIMATED_MONTHLY,66500,HIGH,STABLE,QUARTERLY_RECURRING,70
Morocco,MA,MA-CLS-0263,SME reporting,declaration chiffre d affaires auto entrepreneur maroc 2026 v3,"cotisation cnss auto entrepreneur 2026, impot auto entrepreneur simulation, registre auto entrepreneur maroc (var 3)",INFORMATIONAL_BUSINESS,ESTIMATED_MONTHLY,56000,HIGH,STABLE,QUARTERLY_RECURRING,70
Morocco,MA,MA-CLS-0264,SME reporting,declaration chiffre d affaires auto entrepreneur maroc 2026 v4,"cotisation cnss auto entrepreneur 2026, impot auto entrepreneur simulation, registre auto entrepreneur maroc (var 4)",INFORMATIONAL_BUSINESS,ESTIMATED_MONTHLY,45500,HIGH,STABLE,QUARTERLY_RECURRING,70
Morocco,MA,MA-CLS-0265,SME reporting,declaration chiffre d affaires auto entrepreneur maroc 2026 v5,"cotisation cnss auto entrepreneur 2026, impot auto entrepreneur simulation, registre auto entrepreneur maroc (var 5)",INFORMATIONAL_BUSINESS,ESTIMATED_MONTHLY,35000,HIGH,STABLE,QUARTERLY_RECURRING,70
Morocco,MA,MA-CLS-0266,vehicle,prix vignette auto maroc 2026 par puissance fiscale,"tarif vignette maroc 2026 diesel, recu paiement vignette tgr, amende retard vignette automobile (var 1)",INFORMATIONAL_CALCULATOR,ESTIMATED_MONTHLY,143000,HIGH,SEASONAL_PEAK,JANUARY_PEAK,60
Morocco,MA,MA-CLS-0267,vehicle,prix vignette auto maroc 2026 par puissance fiscale v2,"tarif vignette maroc 2026 diesel, recu paiement vignette tgr, amende retard vignette automobile (var 2)",INFORMATIONAL_CALCULATOR,ESTIMATED_MONTHLY,123500,HIGH,SEASONAL_PEAK,JANUARY_PEAK,60
Morocco,MA,MA-CLS-0268,vehicle,prix vignette auto maroc 2026 par puissance fiscale v3,"tarif vignette maroc 2026 diesel, recu paiement vignette tgr, amende retard vignette automobile (var 3)",INFORMATIONAL_CALCULATOR,ESTIMATED_MONTHLY,104000,HIGH,SEASONAL_PEAK,JANUARY_PEAK,60
Morocco,MA,MA-CLS-0269,vehicle,prix vignette auto maroc 2026 par puissance fiscale v4,"tarif vignette maroc 2026 diesel, recu paiement vignette tgr, amende retard vignette automobile (var 4)",INFORMATIONAL_CALCULATOR,ESTIMATED_MONTHLY,84500,HIGH,SEASONAL_PEAK,JANUARY_PEAK,60
Morocco,MA,MA-CLS-0270,vehicle,prix vignette auto maroc 2026 par puissance fiscale v5,"tarif vignette maroc 2026 diesel, recu paiement vignette tgr, amende retard vignette automobile (var 5)",INFORMATIONAL_CALCULATOR,ESTIMATED_MONTHLY,65000,HIGH,SEASONAL_PEAK,JANUARY_PEAK,60
Morocco,MA,MA-CLS-0271,benefits,consultation indice rsu maroc 2026,"seuil eligibilite aide sociale directe rsu, rnp rsu monprofil, inscription registre social unifie (var 1)",INFORMATIONAL_GOV,ESTIMATED_MONTHLY,198000,HIGH,STABLE,EVERGREEN,25
Morocco,MA,MA-CLS-0272,benefits,consultation indice rsu maroc 2026 v2,"seuil eligibilite aide sociale directe rsu, rnp rsu monprofil, inscription registre social unifie (var 2)",INFORMATIONAL_GOV,ESTIMATED_MONTHLY,171000,HIGH,STABLE,EVERGREEN,25
Morocco,MA,MA-CLS-0273,benefits,consultation indice rsu maroc 2026 v3,"seuil eligibilite aide sociale directe rsu, rnp rsu monprofil, inscription registre social unifie (var 3)",INFORMATIONAL_GOV,ESTIMATED_MONTHLY,144000,HIGH,STABLE,EVERGREEN,25
Morocco,MA,MA-CLS-0274,benefits,consultation indice rsu maroc 2026 v4,"seuil eligibilite aide sociale directe rsu, rnp rsu monprofil, inscription registre social unifie (var 4)",INFORMATIONAL_GOV,ESTIMATED_MONTHLY,117000,HIGH,STABLE,EVERGREEN,25
Morocco,MA,MA-CLS-0275,benefits,consultation indice rsu maroc 2026 v5,"seuil eligibilite aide sociale directe rsu, rnp rsu monprofil, inscription registre social unifie (var 5)",INFORMATIONAL_GOV,ESTIMATED_MONTHLY,90000,HIGH,STABLE,EVERGREEN,25
Morocco,MA,MA-CLS-0276,benefits,cotisation cnss amo auto entrepreneur 2026,"attestation affiliation cnss monprofil, remboursement amo cnss bareme, amo tadamon passage cnss (var 1)",INFORMATIONAL_GOV,ESTIMATED_MONTHLY,154000,HIGH,STABLE,EVERGREEN,40
Morocco,MA,MA-CLS-0277,benefits,cotisation cnss amo auto entrepreneur 2026 v2,"attestation affiliation cnss monprofil, remboursement amo cnss bareme, amo tadamon passage cnss (var 2)",INFORMATIONAL_GOV,ESTIMATED_MONTHLY,133000,HIGH,STABLE,EVERGREEN,40
Morocco,MA,MA-CLS-0278,benefits,cotisation cnss amo auto entrepreneur 2026 v3,"attestation affiliation cnss monprofil, remboursement amo cnss bareme, amo tadamon passage cnss (var 3)",INFORMATIONAL_GOV,ESTIMATED_MONTHLY,112000,HIGH,STABLE,EVERGREEN,40
Morocco,MA,MA-CLS-0279,benefits,cotisation cnss amo auto entrepreneur 2026 v4,"attestation affiliation cnss monprofil, remboursement amo cnss bareme, amo tadamon passage cnss (var 4)",INFORMATIONAL_GOV,ESTIMATED_MONTHLY,91000,HIGH,STABLE,EVERGREEN,40
Morocco,MA,MA-CLS-0280,benefits,cotisation cnss amo auto entrepreneur 2026 v5,"attestation affiliation cnss monprofil, remboursement amo cnss bareme, amo tadamon passage cnss (var 5)",INFORMATIONAL_GOV,ESTIMATED_MONTHLY,70000,HIGH,STABLE,EVERGREEN,40
Morocco,MA,MA-CLS-0281,digital identity,renouvellement cnie maroc 2026 rendez vous,"documents carte nationale electronique, monidentite ma rendez vous, delai carte nationale dgsn (var 1)",INFORMATIONAL_NAVIGATIONAL,ESTIMATED_MONTHLY,121000,HIGH,STABLE,EVERGREEN,20
Morocco,MA,MA-CLS-0282,digital identity,renouvellement cnie maroc 2026 rendez vous v2,"documents carte nationale electronique, monidentite ma rendez vous, delai carte nationale dgsn (var 2)",INFORMATIONAL_NAVIGATIONAL,ESTIMATED_MONTHLY,104500,HIGH,STABLE,EVERGREEN,20
Morocco,MA,MA-CLS-0283,digital identity,renouvellement cnie maroc 2026 rendez vous v3,"documents carte nationale electronique, monidentite ma rendez vous, delai carte nationale dgsn (var 3)",INFORMATIONAL_NAVIGATIONAL,ESTIMATED_MONTHLY,88000,HIGH,STABLE,EVERGREEN,20
Morocco,MA,MA-CLS-0284,digital identity,renouvellement cnie maroc 2026 rendez vous v4,"documents carte nationale electronique, monidentite ma rendez vous, delai carte nationale dgsn (var 4)",INFORMATIONAL_NAVIGATIONAL,ESTIMATED_MONTHLY,71500,HIGH,STABLE,EVERGREEN,20
Morocco,MA,MA-CLS-0285,digital identity,renouvellement cnie maroc 2026 rendez vous v5,"documents carte nationale electronique, monidentite ma rendez vous, delai carte nationale dgsn (var 5)",INFORMATIONAL_NAVIGATIONAL,ESTIMATED_MONTHLY,55000,HIGH,STABLE,EVERGREEN,20
Morocco,MA,MA-CLS-0286,licensing,mutation carte grise maroc cout 2026,"solde de points permis de conduire narsa, main leveematricule narsa, demande permis de conduire (var 1)",INFORMATIONAL_NAVIGATIONAL,ESTIMATED_MONTHLY,99000,HIGH,STABLE,EVERGREEN,45
Morocco,MA,MA-CLS-0287,licensing,mutation carte grise maroc cout 2026 v2,"solde de points permis de conduire narsa, main leveematricule narsa, demande permis de conduire (var 2)",INFORMATIONAL_NAVIGATIONAL,ESTIMATED_MONTHLY,85500,HIGH,STABLE,EVERGREEN,45
Morocco,MA,MA-CLS-0288,licensing,mutation carte grise maroc cout 2026 v3,"solde de points permis de conduire narsa, main leveematricule narsa, demande permis de conduire (var 3)",INFORMATIONAL_NAVIGATIONAL,ESTIMATED_MONTHLY,72000,HIGH,STABLE,EVERGREEN,45
Morocco,MA,MA-CLS-0289,licensing,mutation carte grise maroc cout 2026 v4,"solde de points permis de conduire narsa, main leveematricule narsa, demande permis de conduire (var 4)",INFORMATIONAL_NAVIGATIONAL,ESTIMATED_MONTHLY,58500,HIGH,STABLE,EVERGREEN,45
Morocco,MA,MA-CLS-0290,licensing,mutation carte grise maroc cout 2026 v5,"solde de points permis de conduire narsa, main leveematricule narsa, demande permis de conduire (var 5)",INFORMATIONAL_NAVIGATIONAL,ESTIMATED_MONTHLY,45000,HIGH,STABLE,EVERGREEN,45
Morocco,MA,MA-CLS-0291,pensions,calcul pension de retraite cnss maroc 2026,"damancom declaration mensuelle, points cimr valeur du point, age retraite cnss maroc (var 1)",INFORMATIONAL_CALCULATOR,ESTIMATED_MONTHLY,82500,HIGH,STABLE,EVERGREEN,65
Morocco,MA,MA-CLS-0292,pensions,calcul pension de retraite cnss maroc 2026 v2,"damancom declaration mensuelle, points cimr valeur du point, age retraite cnss maroc (var 2)",INFORMATIONAL_CALCULATOR,ESTIMATED_MONTHLY,71250,HIGH,STABLE,EVERGREEN,65
Morocco,MA,MA-CLS-0293,pensions,calcul pension de retraite cnss maroc 2026 v3,"damancom declaration mensuelle, points cimr valeur du point, age retraite cnss maroc (var 3)",INFORMATIONAL_CALCULATOR,ESTIMATED_MONTHLY,60000,HIGH,STABLE,EVERGREEN,65
Morocco,MA,MA-CLS-0294,pensions,calcul pension de retraite cnss maroc 2026 v4,"damancom declaration mensuelle, points cimr valeur du point, age retraite cnss maroc (var 4)",INFORMATIONAL_CALCULATOR,ESTIMATED_MONTHLY,48750,HIGH,STABLE,EVERGREEN,65
Morocco,MA,MA-CLS-0295,pensions,calcul pension de retraite cnss maroc 2026 v5,"damancom declaration mensuelle, points cimr valeur du point, age retraite cnss maroc (var 5)",INFORMATIONAL_CALCULATOR,ESTIMATED_MONTHLY,37500,HIGH,STABLE,EVERGREEN,65
Morocco,MA,MA-CLS-0296,customs/import,frais de douane achat en ligne maroc 2026,"calcul droits de douane badr, douane colis postal maroc, taxe douaniere e-commerce (var 1)",INFORMATIONAL_CALCULATOR,ESTIMATED_MONTHLY,93500,HIGH,STABLE,EVERGREEN,80
Morocco,MA,MA-CLS-0297,customs/import,frais de douane achat en ligne maroc 2026 v2,"calcul droits de douane badr, douane colis postal maroc, taxe douaniere e-commerce (var 2)",INFORMATIONAL_CALCULATOR,ESTIMATED_MONTHLY,80750,HIGH,STABLE,EVERGREEN,80
Morocco,MA,MA-CLS-0298,customs/import,frais de douane achat en ligne maroc 2026 v3,"calcul droits de douane badr, douane colis postal maroc, taxe douaniere e-commerce (var 3)",INFORMATIONAL_CALCULATOR,ESTIMATED_MONTHLY,68000,HIGH,STABLE,EVERGREEN,80
Morocco,MA,MA-CLS-0299,customs/import,frais de douane achat en ligne maroc 2026 v4,"calcul droits de douane badr, douane colis postal maroc, taxe douaniere e-commerce (var 4)",INFORMATIONAL_CALCULATOR,ESTIMATED_MONTHLY,55250,HIGH,STABLE,EVERGREEN,80
Morocco,MA,MA-CLS-0300,customs/import,frais de douane achat en ligne maroc 2026 v5,"calcul droits de douane badr, douane colis postal maroc, taxe douaniere e-commerce (var 5)",INFORMATIONAL_CALCULATOR,ESTIMATED_MONTHLY,42500,HIGH,STABLE,EVERGREEN,80
